org_name,org_uuid,arr_ind,current_arr,current_vm_arr,vm_ccy,current_vm_arr_eu,vm_ccy_eu,current_vm_arr_total,vm_ccy_total,ccy_bins,arr_per_vm
happn,00eee57772ea4991ae4baafcbed0937a,True,31403,0,0,27945.09,18,27945.09,18,10-24,1552.505
Costco EQA,012428bab86b448e81f0f6d5023a94a3,True,790530,387600,190,0.0,0,387600.0,190,100-249,2040.0
Ingenico,01d4f01f9ebd44f09e3468594e731ee2,True,9880,0,0,9879.6,4,9879.6,4,1-9,2469.9
iPipeline UK,01e29b3fa7e64501b9e2ed5bea5310c1,True,9600,0,0,9600.0,8,9600.0,8,1-9,1200.0
sincro,020772bdda174bc895eaebf381ac3895,True,79800,79800,50,0.0,0,79800.0,50,50-99,1596.0
Patelco,0243e340be9e4635ae45329b2a360c8d,True,66893,23484,10,0.0,0,23484.0,10,10-24,2348.4
Fusion,036d25dd46cc49249c7a1bce1c8d7843,True,29626,0,0,29626.2,17,29626.2,17,10-24,1742.7176470588236
NYL,03af95db5f5046b4877b4dd2e0912587,True,289800,100800,60,0.0,0,100800.0,60,50-99,1680.0
"BabyCenter, LLC",0404fedcc8e84bdfa5cad91505412ff1,True,24720,24720,10,0.0,0,24720.0,10,10-24,2472.0
"Visa Technology and Operations, LLC",0419d1cc1bfb45d3a3f70c62f0587b7a,True,178200,162000,50,16200.0,5,178200.0,55,50-99,3240.0
Best Western International,0440e6b8427347b99fac625272e153ae,True,166327,147427,80,0.0,0,147427.0,80,50-99,1842.8375
Trakstar,04460817ba984c7f90e6a052a79b641b,True,19053,9526,16,0.0,0,9526.0,16,10-24,595.375
Channel 4,050e4ea2cc6c46f1bb2c81af5275c3c6,True,105599,0,0,63359.87,55,63359.87,55,50-99,1151.9976363636365
predictive-index,054f3371f0774b28b0b1e9ac22cbe060,True,20880,20880,10,0.0,0,20880.0,10,10-24,2088.0
Cmed Technology,055386ca1e434d0db6b8b25508265861,True,17880,0,0,17880.0,10,17880.0,10,10-24,1788.0
IBM Watson Health,069621c0a3b44cb1abe498f4d102bb65,True,19800,19800,10,0.0,0,19800.0,10,10-24,1980.0
Ikano Bank AB,071b1281c4b945e09de9d94e8ef3dee8,True,71484,0,0,11631.26,12,11631.26,12,10-24,969.2716666666666
Cisco Live Streaming,077055e9e7e849ccae487808c5c595f7,True,41872,18269,10,0.0,0,18269.0,10,10-24,1826.9
Adevinta,0770f2b36ab84bad9515221e1d73a20e,True,19200,0,0,19200.0,11,19200.0,11,10-24,1745.4545454545455
Unqork,0786abc86d834cc29e79d0dc6f00f7f1,True,884550,180000,150,0.0,0,180000.0,150,100-249,1200.0
Splunk,08365d885ffb43ee9964c09fd1e77c0c,True,185408,162000,100,0.0,0,162000.0,100,100-249,1620.0
Careerbuilder.com,0869236fc47447d3a07c4f4f714f47df,False,24000,271920,10,0.0,0,271920.0,10,10-24,27192.0
Yell,087426ea9b9d4b07aa5147bf8d6f2f1e,True,62027,0,0,29999.38,40,29999.38,40,25-49,749.9845
The Home Depot,08a9b5e301b349f8b05c183adabc4a85,True,378900,348588,300,0.0,0,348588.0,300,250-499,1161.96
Deloitte Application Studios,091ec930d29d4a5d8080c758190332a1,True,156600,31200,20,0.0,0,31200.0,20,10-24,1560.0
Leaf Group,09710957fe2944f897d60646e41e10da,False,23760,100829,20,0.0,0,100829.0,20,10-24,5041.45
Bank of the West,09737c75995c45a69dbad635b5987126,True,130080,107400,50,0.0,0,107400.0,50,50-99,2148.0
Happy Money,097f96c200264da0a7babd5d055533a8,True,65196,41100,32,0.0,0,41100.0,32,25-49,1284.375
Mulesoft,0a252d1b6f3b42c38c1c265054adb745,True,89486,89486,58,0.0,0,89486.0,58,50-99,1542.8620689655172
Tapestry,0a354d0843e146a39c692240ba3a31c9,True,141660,35760,50,0.0,0,35760.0,50,50-99,715.2
AAMC,0acc1fb367324413bd4d2a2e431e6f01,True,64926,64926,30,0.0,0,64926.0,30,25-49,2164.2
hseffler,0b2f3e83fad245c980bac55985c6198f,True,35410,0,0,31809.61,20,31809.61,20,10-24,1590.4805000000001
Adobe_PlatfromEngineering,0b84d5c256ee4d7dbf6beae4bda8d58c,True,302772,140112,190,0.0,0,140112.0,190,100-249,737.4315789473684
"Buzzfeed, Inc.",0bee6427dc56464eaf6dbe5ceed33a7c,True,16441,16441,10,0.0,0,16441.0,10,10-24,1644.1
Quest,0c2c415182894a6bbdcc30bfebd01f9a,False,27000,48000,10,0.0,0,48000.0,10,10-24,4800.0
plusgradeteam,0ce651962cb040ecad8f83dd413f174b,True,19200,19200,10,0.0,0,19200.0,10,10-24,1920.0
GM Financial,0ceb55ad64384c6f85dec96ccc66ead1,True,92035,22500,15,0.0,0,22500.0,15,10-24,1500.0
Kimble Applications Limited,0d209c5172d74b10a005ccec88faeb9c,False,16083,216,0,16083.38,8,16299.38,8,1-9,2037.4225
ASG,0d9552aaf47147be94bdeb17ea3ce945,True,33600,9600,4,0.0,0,9600.0,4,1-9,2400.0
TWDC,0e8889f4694e4c0aa4c0c9756b7fdbb6,True,59856,49776,30,0.0,0,49776.0,30,25-49,1659.2
PCAP,0eac6c441d194242962b5a43a11702a3,True,71930,41952,26,0.0,0,41952.0,26,25-49,1613.5384615384614
SIE,0ebaf5ac9ec549e0a3c05e0527bc57aa,True,355200,342000,280,0.0,0,342000.0,280,250-499,1221.4285714285713
Global Payments,0ec27265b6ad4636abab2cc2479a2caf,True,115452,70452,30,0.0,0,70452.0,30,25-49,2348.4
BSH,0edf043733be42c0989c3de5286d5b02,True,66000,0,0,52500.01,25,52500.01,25,25-49,2100.0004
Rabobank,0ee0ea717fc94087842af417397f62b9,True,358515,0,0,256515.29,208,256515.29,208,100-249,1233.2465865384615
HP Inc - Software Platforms,0fd4a3bc1cf14b1e8ed760d4fefaf93e,True,18946,14146,10,0.0,0,14146.0,10,10-24,1414.6
ProgLeasingMaster,10b4c98395d645e5b23b8f9c3b49b9af,False,192708,198000,101,0.0,0,198000.0,101,100-249,1960.3960396039604
Iron Mountain,112664032c0f41d68762f5455f5b03ef,True,32640,14640,10,0.0,0,14640.0,10,10-24,1464.0
Delta Dental of California,113a23a353fa4f60ad4b187c2a03af75,True,138960,138960,60,0.0,0,138960.0,60,50-99,2316.0
Otto,1184709f2d644c049c44074c9b0835c1,True,49192,0,0,41904.52,30,41904.52,30,25-49,1396.8173333333332
DocuSign,120b913f28dc4f94b92bb8a577470d76,True,114720,51584,45,0.0,0,51584.0,45,25-49,1146.3111111111111
Torrid,123e181cfb2847f6b96bf2930db1a096,True,67308,34800,29,0.0,0,34800.0,29,25-49,1200.0
EUROPCAR INTERNATIONAL SASU,12736e8d3f154f42914328d15556c53b,True,68999,0,0,17999.96,10,17999.96,10,10-24,1799.9959999999999
Credit Karma1,12b04ce562b54d849c295a7f341dfc7d,True,68102,26851,15,0.0,0,26851.0,15,10-24,1790.0666666666666
Home Depot,1392935393f64cef9422cc4eedc96b7c,True,126300,126300,100,0.0,0,126300.0,100,100-249,1263.0
BITMARCK Technik Test Services,142af8be95bc4b3d97757fffb0b5156a,True,21843,0,0,6393.5,3,6393.5,3,1-9,2131.1666666666665
"LogRhythm, Inc.",14494817eb9e4394a51a771f086db2f6,True,26052,20880,18,0.0,0,20880.0,18,10-24,1160.0
"The Goldman Sachs Group, Inc.",144de9f6b0ee43bab31e0bf59f151301,True,245700,207900,110,0.0,0,207900.0,110,100-249,1890.0
HeartFlow,14552fa8adb14658b4253ae4572d3309,True,38664,38664,18,0.0,0,38664.0,18,10-24,2148.0
Chipotle Mexican Grill,14cb5691a1e7469099bb55acdba2f29e,True,79104,79104,45,0.0,0,79104.0,45,25-49,1757.8666666666666
Adobe,153415504572466787b5d8bbbe07ac4d,False,16248,16680,10,0.0,0,16680.0,10,10-24,1668.0
Freedom Mobile,1577ed6998214f5d86577cff465b5be6,True,24000,24000,10,0.0,0,24000.0,10,10-24,2400.0
The Trainline,15bd34c5c39949f78d55858a40181449,True,66000,0,0,49679.95,32,49679.95,32,25-49,1552.4984375
ALDI International Services - IIT-CA - Cross-Cluster,15f3508fe9734d8e873fcfd1619bc861,True,14832,0,0,5436.0,3,5436.0,3,1-9,1812.0
VolvoGroup,1603d60fbeb745c2be71aa58f34d4823,True,38498,0,0,22743.6,10,22743.6,10,10-24,2274.3599999999997
DWS Engineering,16180a5f2e224ebd9207d4d29eccc677,True,89639,0,0,32794.93,15,32794.93,15,10-24,2186.328666666667
idealo,1680d4398de042d89375ac01765e427c,False,12067,365,0,12067.2,5,12432.2,5,1-9,2486.44
Deloitte,168766629ebb4b398a52aea37c2089a9,True,24240,12480,8,0.0,0,12480.0,8,1-9,1560.0
ThomasArts,1703bbd01a7b4d5390bd12b989f9838d,True,40800,12960,16,0.0,0,12960.0,16,10-24,810.0
ARD Online,1715d6fc3941411eb20cdee82ec7aaa7,True,40391,0,0,18900.0,10,18900.0,10,10-24,1890.0
Hughes Network Systems,17553d2e51e84586807e4167b35e4f1e,True,30030,10567,4,0.0,0,10567.0,4,1-9,2641.75
Accenture Internal,17bda53ff02f4a37b80cd6557067a41c,True,117360,20160,21,0.0,0,20160.0,21,10-24,960.0
The Walt Disney Company,1836a1ca271645769ef31fbb88896bf8,True,155546,155546,75,0.0,0,155546.0,75,50-99,2073.9466666666667
The Cooperators,18d1e06c65d14eba828f4d57232cbe2f,False,22002,22800,10,0.0,0,22800.0,10,10-24,2280.0
WellSky,195c9ec044254698925ac1175eab6800,True,94122,50922,25,0.0,0,50922.0,25,25-49,2036.88
Medecision,1961a75ccbfd4b6aa852826aa810a41f,True,38400,38400,16,0.0,0,38400.0,16,10-24,2400.0
RubyLife Inc,19bd4b9a4a284d408d01bb64f5d75230,True,95520,35760,40,0.0,0,35760.0,40,25-49,894.0
"Age of Learning, Inc.",1a005195ce9f4bdfaf3261f8cf38a890,True,353400,122400,60,0.0,0,122400.0,60,50-99,2040.0
ADP,1a38b82bc97640c092c4c97bf7f4685e,False,32400,45000,15,5400.0,3,50400.0,18,10-24,2800.0
American Express,1acf2055de4e493d8ff9fa3bc105bbcd,True,549297,473697,365,0.0,0,473697.0,365,250-499,1297.8
Performance Horizon,1aef98c12ed74ce38c0092a0bdc2eae5,True,6528,0,0,6527.86,4,6527.86,4,1-9,1631.965
Core Digital Media,1af88e2eeb034d9697298e3b9c53348e,True,177300,92298,90,0.0,0,92298.0,90,50-99,1025.5333333333333
AdaptiveBiotech,1b90a4618bb9480bb81de63516080f06,True,48000,24000,20,0.0,0,24000.0,20,10-24,1200.0
Oracle Data Cloud,1beb9a48e1c247c69b071aa83e297999,False,126000,294000,60,0.0,0,294000.0,60,50-99,4900.0
DaVita,1c4422720dd644e286164644d7256b93,True,109800,10500,8,0.0,0,10500.0,8,1-9,1312.5
Pearson,1d2d12ec67fa4228bb175e287199678d,True,96563,96563,65,0.0,0,96563.0,65,50-99,1485.5846153846153
FINRA,1da46466b886427f85aa9906f84ee0f9,True,115200,115200,120,0.0,0,115200.0,120,100-249,960.0
IBM,1df28284e261421eab4b5a14e75a0533,True,23175,20394,5,0.0,0,20394.0,5,1-9,4078.8
TIAA,1e718b865a434030a85009f40385ffc2,True,267347,267347,206,0.0,0,267347.0,206,100-249,1297.8009708737864
Roblox,1f2b3af12e4a4ed29b2946d288f7973a,True,765000,765000,850,0.0,0,765000.0,850,500+,900.0
Telstra,1f7ce0b6ce9f405cad8ed06910b1552b,True,21600,21600,10,0.0,0,21600.0,10,10-24,2160.0
Mark.Wilkinson99.dotmatics,1fabf08acc0d4a5cad4eb402f41d61f2,True,21763,0,0,21762.67,19,21762.67,19,10-24,1145.4036842105263
BBC Worldwide,1fe1ee5f9dea46c3b651e0ea0e1e80d2,True,100769,0,0,23363.52,30,23363.52,30,25-49,778.784
swisscom,208a5df223fb424ca2a8a1456f748f6d,True,140440,0,0,49965.96,25,49965.96,25,25-49,1998.6384
Tryg_Admin,209bcc82439f412980a74acc5d003fee,True,59880,0,0,18720.0,15,18720.0,15,10-24,1248.0
EC Digit,226d191147224646ad4ea6ceb5a450ae,True,50856,0,0,45714.24,16,45714.24,16,10-24,2857.14
Open Raven,22962c31c2554fe4a180cd52df1ea750,True,36000,36000,15,0.0,0,36000.0,15,10-24,2400.0
Metro Bank,22bc1f65ffad4be19fbf3f01c1069ff5,True,260680,94844,50,0.0,0,94844.0,50,50-99,1896.88
fiserv,234474654a654bc38bb38c3994af46ad,True,23280,11400,5,0.0,0,11400.0,5,1-9,2280.0
IBM,2395c6862f334b569d37ccfb356524ab,True,20394,20394,10,0.0,0,20394.0,10,10-24,2039.4
ZDF Digital Medienproduktion GmbH,23c5cada9dfd4ce9971345068588d22e,True,78714,0,0,7226.16,4,7226.16,4,1-9,1806.54
LPL Financial,23fa3c6446f044ae85d49a50eda8c3b2,True,409560,128400,1000,0.0,0,128400.0,1000,500+,128.4
Fiserv,24f024acb9aa4899954233d961f6fc69,True,350460,171000,150,0.0,0,171000.0,150,100-249,1140.0
Chemical Abstracts Service,2500c24457d1406bab7347b1cedf4d37,True,101970,101970,50,0.0,0,101970.0,50,50-99,2039.4
Disney - DPEP,263276e162384b76b55dae05ddd5ee10,True,580390,539230,260,0.0,0,539230.0,260,250-499,2073.9615384615386
Elementum,277c1ac620da4a289625c190303403e8,True,24000,19200,8,0.0,0,19200.0,8,1-9,2400.0
Sherwin Williams,27bb5345e4ea46ec9fe2b9b90c71a1c5,True,81236,20156,10,0.0,0,20156.0,10,10-24,2015.6
Liberty Mutual,27d58ce440664296ab801c58b0843d71,True,240096,158904,150,0.0,0,158904.0,150,100-249,1059.36
Kabbage Inc.,280b987da6614d4cae6f0663c0a40d4a,True,62383,44496,30,0.0,0,44496.0,30,25-49,1483.2
HP Inc - ePrint Center,284d390e9cf7446591c43d5c3c3a6673,True,14861,14861,18,0.0,0,14861.0,18,10-24,825.6111111111111
Picnic Technologies B.V.,28b0a00096d7404fbb61bfdc713ef1a6,True,10188,0,0,2400.0,2,2400.0,2,1-9,1200.0
Unilever U.K. Central Resources Limited,28d3a357a259436e8067fdf643b4168b,True,3700,0,0,3699.96,2,3699.96,2,1-9,1849.98
Avon Cosmetics Limited,292e04a4b84146a38abc4460ef9fef91,True,66001,0,0,26400.03,20,26400.03,20,10-24,1320.0014999999999
BlaBlaCar,295edaed84d74bcc970f7d625c2f0068,True,12760,0,0,12760.43,8,12760.43,8,1-9,1595.05375
Provation,296129f179d547c1a7ee2c4f35689cc4,True,24720,24720,10,0.0,0,24720.0,10,10-24,2472.0
IAG GBS LIMITED,29f31bddae3d48108861f344779ab5f6,True,44506,1,0,44505.0,25,44506.0,25,25-49,1780.24
Twilio,2a7a7a419ae44da185f2f0aa928103a3,False,96000,118656,40,0.0,0,118656.0,40,25-49,2966.4
USAA,2a947e298f1d4ccab962e5133dbc4c67,True,576960,576960,400,0.0,0,576960.0,400,250-499,1442.4
Bank of America,2b1b03b9710c4252bf70d412e1eeb754,True,252000,192000,100,0.0,0,192000.0,100,100-249,1920.0
New Balance eCommerce QA,2b335960776e4d0ea60e08311f70e2d3,True,65671,42271,20,0.0,0,42271.0,20,10-24,2113.55
Progressive Casualty Insurance Company,2bc83a6cdf4c47d69c26c2be17d536d9,True,44160,44160,20,0.0,0,44160.0,20,10-24,2208.0
Wizards of the Coast,2bd6129f01cd4cffbddf09e2723cf2ec,True,8376,3588,2,0.0,0,3588.0,2,1-9,1794.0
CTC,2be9ec8f8fb947d4999b0c4ad2cc4167,True,172680,134780,100,0.0,0,134780.0,100,100-249,1347.8
Teckro,2bfc4fc1f7244117a6d792c9ace77ae6,True,6624,0,0,6624.0,5,6624.0,5,1-9,1324.8
National Association of Insurance Commissioners,2c58321a85704993ab8a3d48c012ff79,False,53400,141893,25,0.0,0,141893.0,25,25-49,5675.72
CNA Insurance,2d40db8f6687411783a421eacaf697cf,True,28181,28181,12,0.0,0,28181.0,12,10-24,2348.4166666666665
Grameen Foundation,2e1099901989402394ac3d7ec0a10f69,True,279341,0,0,192942.0,135,192942.0,135,100-249,1429.2
myFICO,2e4d2d97dc02487ba2d39ddbfcf21f94,True,112800,76416,120,0.0,0,76416.0,120,100-249,636.8
Dynamo,2eb32510441f430e96161acc6fb8c441,True,768072,0,0,199920.0,245,199920.0,245,100-249,816.0
Teads,2ecf2dfcc9f64590a455d425a0e7032d,True,85349,0,0,48090.04,40,48090.04,40,25-49,1202.251
Major League Baseball,2ef67e902afb4d3085d5c94e20d68979,True,199200,145350,75,0.0,0,145350.0,75,50-99,1938.0
WGU,2f0e9d379c344d9288d8717129d239d5,True,56880,20880,10,0.0,0,20880.0,10,10-24,2088.0
Novartis-OC,2f9e9dda503748faa498a820e2eaa8c4,True,64078,0,0,36240.03,20,36240.03,20,10-24,1812.0014999999999
Banque Nationale du Canada,2fa5142c26604385ab4cc0c2132d3f9b,True,164400,117000,50,0.0,0,117000.0,50,50-99,2340.0
Siemens Smart Infrastructure,2fdd3b0544ea474ca8ad15a5844777dd,True,9286,0,0,9285.71,5,9285.71,5,1-9,1857.1419999999998
Airkit (New),2fde4b544bfb4d15b39c8b63a9883a90,False,50000,55757,52,0.0,0,55757.0,52,50-99,1072.25
Assurant Glow Automation,304cd73c78fc429b80ace7a6d841bd91,True,240000,150000,100,0.0,0,150000.0,100,100-249,1500.0
PSEG,3197d899ff8948d4aa8f02101d32a563,True,7200,7200,3,0.0,0,7200.0,3,1-9,2400.0
BH Photo,31aea71bba55428da3c0da938313e9b0,True,59220,55620,30,0.0,0,55620.0,30,25-49,1854.0
ServiceNow,322617b74aef4d9f883a500ee5b575dd,True,746988,380160,400,0.0,0,380160.0,400,250-499,950.4
CIBC,32632b99137d46459faa021b6fbd96a7,True,91200,48000,20,0.0,0,48000.0,20,10-24,2400.0
National Mortgage Insurance,327633376a824f4ca724e1fe875b8d28,True,45732,45732,20,0.0,0,45732.0,20,10-24,2286.6
ERB,32ba8339468340ba8ba5cd010429974b,True,17520,0,0,5520.0,8,5520.0,8,1-9,690.0
PWC,32bebd726ced425a956d905383b143d6,True,64296,0,0,37200.0,20,37200.0,20,10-24,1860.0
Liantis IT cvba,3305307534654d2eab9d86e073c574a1,True,26071,0,0,19390.8,10,19390.8,10,10-24,1939.08
Abercrombie & Fitch,33169c24d11143859e2a115b40ec3bb1,True,162000,108000,150,0.0,0,108000.0,150,100-249,720.0
Zoro,338f4d3fc10e45448be01529c2943400,True,16884,16884,14,0.0,0,16884.0,14,10-24,1206.0
Staples - US Retail,357219fd0e1c4ca696964c4355f2eab8,True,58776,19776,15,0.0,0,19776.0,15,10-24,1318.4
IBM iX Berlin,3576ac970e904e9e8b4f46943ae60518,True,4800,0,0,1800.0,1,1800.0,1,1-9,1800.0
MorgenFund GmbH,3594ba98391f4dbea4fce865ad67dc75,True,63000,0,0,12600.02,6,12600.02,6,1-9,2100.0033333333336
Adesso Mobile,360a8150186b49bcbed1551480f9fa80,True,58589,0,0,3669.6,2,3669.6,2,1-9,1834.8
Post CH AG IT,36dc0fb2ae49468b8fd244be6c515a0b,True,29857,0,0,18285.73,10,18285.73,10,10-24,1828.5729999999999
MercadoLibre,37621b7008e84fe4bdc5de810ed88a9e,True,57146,14074,10,0.0,0,14074.0,10,10-24,1407.4
Microsoft,380137df3bb34d89b232500d91799680,True,93000,12000,10,0.0,0,12000.0,10,10-24,1200.0
felipebellato,380f232a2e404c52b04f1f2202455ced,True,14304,14304,10,0.0,0,14304.0,10,10-24,1430.4
Northwestern Mutual,3825e5fe74c3475a8fd8119da50eff47,True,393240,179046,250,0.0,0,179046.0,250,250-499,716.184
Footlocker,389c38e75deb48278a8c9ef384262067,True,142443,42294,35,0.0,0,42294.0,35,25-49,1208.4
National Car Parks,38bd139b435e4bb4bf6f11e22113433d,True,34696,0,0,11565.49,8,11565.49,8,1-9,1445.68625
"ChenMed, LLC",3af39c2f5cc24ac689a41e1be03ac418,True,39798,9918,5,0.0,0,9918.0,5,1-9,1983.6
salesforce,3bf044288d5c4febba549cb7228e8822,True,2169031,2064031,1530,0.0,0,2064031.0,1530,500+,1349.0398692810456
KWRI,3c61e6cc007a471381e1a399619716aa,True,28800,24000,10,0.0,0,24000.0,10,10-24,2400.0
Koho Financial,3cc8bca1178b4495897ac4c1e45bfe64,True,16800,7200,4,0.0,0,7200.0,4,1-9,1800.0
NielsenIQ,3cd34d4a06e64b839c997e73392a5210,True,29232,0,0,29232.0,14,29232.0,14,10-24,2088.0
blpsauce,3cef46c726e143a5907887fb479d7e49,True,91460,60973,45,0.0,0,60973.0,45,25-49,1354.9555555555555
Tandem Diabetes,3d13829739d546c89e0b5c4bfdfca71d,False,22015,22464,10,0.0,0,22464.0,10,10-24,2246.4
Dealertrack,3d4e28cb6f0c4d21bd2a747d4058ef48,True,136950,75750,75,0.0,0,75750.0,75,50-99,1010.0
TVN SA,3d87b7abd68749739a422161cc027fce,True,20687,0,0,8160.0,4,8160.0,4,1-9,2040.0
Metrolinx,3e0e9115e77d4ffa9d47a325a8e5bfde,True,61620,15000,10,0.0,0,15000.0,10,10-24,1500.0
Roku,3e35ec10504e467da3c023cc52946a2c,True,19200,19200,10,0.0,0,19200.0,10,10-24,1920.0
AJ Digital,3fa4177629ac43a6b4bc0148ad4a27f1,True,40800,12000,5,0.0,0,12000.0,5,1-9,2400.0
eMoney Advisor,3ff4af0e89694325abc4f44f335de730,True,183600,22800,11,0.0,0,22800.0,11,10-24,2072.7272727272725
Credit Union Australia,40144ad8647d4696b851b51911603bb3,True,33120,3120,6,0.0,0,3120.0,6,1-9,520.0
Joyn GmbH,409e66c58afd4dd8b60ff0f97611d274,True,16697,0,0,13887.88,8,13887.88,8,1-9,1735.985
BP - Salesforce,40e09fe9100b434eb8713c8f89ee0f33,True,34009,0,0,34009.49,20,34009.49,20,10-24,1700.4744999999998
Netflix,411d0faf06bc4529a510e5ace569dc20,True,45600,45600,20,0.0,0,45600.0,20,10-24,2280.0
Dynatrace,415fce77623945398dea95213d15c68d,True,19776,0,0,19776.0,10,19776.0,10,10-24,1977.6
Somos,4185c966ba184d73835fdda57b37eda5,True,31209,31209,25,0.0,0,31209.0,25,25-49,1248.36
,41fef3b9914842948099d8c4e2f81a6f,True,16718,16718,10,0.0,0,16718.0,10,10-24,1671.8
TechSmith Corporation,421288912f48470687ebe8dbe3ef80bf,True,13596,13596,10,0.0,0,13596.0,10,10-24,1359.6
Tendable,42813bdad17c44a0ae3bebeabc2d60cc,True,12864,0,0,1631.96,2,1631.96,2,1-9,815.98
WBDL,43c86c9a1eb445dcb5d6d3a145ce75f7,True,48600,30600,15,0.0,0,30600.0,15,10-24,2040.0
Linxup,440ed3acbe16496c94aeaf1652a81e79,True,11928,9600,4,0.0,0,9600.0,4,1-9,2400.0
"Chick-fil-A, Inc.",44a1b98e914f41f2bdee2ef888ae8f6f,True,118661,35901,15,0.0,0,35901.0,15,10-24,2393.4
primericaRoot,45f797f9209d473c9ceb525578e711b7,True,117883,63552,25,0.0,0,63552.0,25,25-49,2542.08
Fitbit,466b83a523c048f1b07c032cc9e1e368,True,59835,59835,47,0.0,0,59835.0,47,25-49,1273.0851063829787
RentPath,46949f6833044d9d8be45aaea8ff7cce,True,121545,88250,60,0.0,0,88250.0,60,50-99,1470.8333333333333
Wunderkind,4734713d5ed549c496bae4801185ee09,True,44016,34920,17,4656.0,2,39576.0,19,10-24,2082.9473684210525
Dyson,4765c045422f4f1dabc7618cf1723510,True,95712,0,0,31823.19,20,31823.19,20,10-24,1591.1595
E.ON Digital Technology GmbH,47e80d8d2e094f7da396f35e6c2f1328,True,35449,0,0,8628.72,4,8628.72,4,1-9,2157.18
CEFVM,47ed61dcb88948d885a9e8cca85a6634,True,8862,8862,4,0.0,0,8862.0,4,1-9,2215.5
Viewpoint,493006db26194fd1bade42f1f9d9dfa0,True,71340,30240,15,6480.0,3,36720.0,18,10-24,2040.0
"J.B. Hunt Transport, Inc",4940a9d0c3bf497c95260a6eaadf62b7,True,157724,22200,10,0.0,0,22200.0,10,10-24,2220.0
Hyatt Corporation,495839285db74309a48234caa7bd529a,True,88800,88800,50,0.0,0,88800.0,50,50-99,1776.0
Richemont,497582a76ff94aef87ac4a4b221dd995,True,23655,0,0,23415.61,10,23415.61,10,10-24,2341.561
Fannie Mae,4979172e0ab841b18f71ca84d87c96c4,True,548199,288000,250,0.0,0,288000.0,250,250-499,1152.0
Medtronic,49910be5b8d441b99e4a3bbe4bd7a3e3,True,25040,16040,12,0.0,0,16040.0,12,10-24,1336.6666666666667
"Paycor, Inc.",49a5f593097a4667ad85846f56f9a4e3,True,34500,9300,8,0.0,0,9300.0,8,1-9,1162.5
Promofarma by DocMorris,49bab89d275a47cca811da030072aa2b,True,13680,0,0,1680.0,1,1680.0,1,1-9,1680.0
Containerstore,49ea2bc753644226bde59d6a48ac5d14,True,71400,51000,45,0.0,0,51000.0,45,25-49,1133.3333333333333
Salesforce.com - WaveBuilder,4a1a379819fa44ea8ab55bda8019b61f,True,21585,21585,40,0.0,0,21585.0,40,25-49,539.625
SG Sauce Labs,4a31560b432e4616bed0ec353e1cac6e,True,26721,0,0,12146.25,7,12146.25,7,1-9,1735.1785714285713
Coventry Building Society,4a741d2fe85f4167a1aaddf0636b0fa6,True,45598,0,0,9119.98,5,9119.98,5,1-9,1823.9959999999999
AIB,4aa4d4b4260541a280a8a791dac81094,True,108675,0,0,93997.18,45,93997.18,45,25-49,2088.826222222222
SP Digital,4adb2c3b800e452bb124a33f60b1bb48,True,57600,24000,10,0.0,0,24000.0,10,10-24,2400.0
Thomson Reuters,4afaa881435b49638a2f5a86eeaab888,True,12982,12982,10,0.0,0,12982.0,10,10-24,1298.2
Anthem,4b5648f178654b9a87426bbac6800975,True,287700,47520,90,0.0,0,47520.0,90,50-99,528.0
Endava (UK) Limited,4c54fc9c91b64b27bfebf014faf2ea49,True,69840,0,0,9360.0,12,9360.0,12,10-24,780.0
"Ipsy (Personalized Beauty Discovery, Inc.)",4d4e67689f1f44459268e94fae161683,True,9834,9834,5,0.0,0,9834.0,5,1-9,1966.8
Value Stream Engineering,4d97e71424774a4b81fae77abb9d2fec,True,31500,31500,25,0.0,0,31500.0,25,25-49,1260.0
SHDR,4f1a5c8fb90e41489b201e563ed89c89,True,61920,61920,30,0.0,0,61920.0,30,25-49,2064.0
macys-parent,4f4f0da143ac4ebe9a6134ad079de51b,True,206400,136320,80,0.0,0,136320.0,80,50-99,1704.0
Slack,4fbb068722624cc09d1eef6098431af2,True,45600,45600,25,0.0,0,45600.0,25,25-49,1824.0
AGL Energy,50126e92ab9e4e9b81ef0b1c7eb2d739,True,48000,24000,10,0.0,0,24000.0,10,10-24,2400.0
Salesforce Marketing Cloud,5041f14b66504e62b751bd368c5223a9,True,205054,205054,155,0.0,0,205054.0,155,100-249,1322.9290322580646
Sauce CSM,5056f041853f49cfbe29fc775d809533,True,376283,306792,200,0.0,0,306792.0,200,100-249,1533.96
KDS,50a1e04ae2bc4f37b99545b7f317dd99,True,12845,0,0,4939.81,2,4939.81,2,1-9,2469.905
Amadeus,50b1093eb19f44a1a834307bfe12353a,True,79249,7199,5,65699.98999999999,56,72898.98999999999,61,50-99,1195.0654098360653
Menlo Security,50b1d1b51eb44848ae072322cb0ce9d0,True,259565,235968,270,0.0,0,235968.0,270,250-499,873.9555555555555
Domino's Pizza LLC,50c522e3e2da47eeb56e0de6b513b4a7,True,93894,75115,50,0.0,0,75115.0,50,50-99,1502.3
Siemens Healthineers - teamplay & SHUI,514a000c142642b89aa598cefb177558,True,29088,0,0,9360.0,7,9360.0,7,1-9,1337.142857142857
Family Search,52063e77facf4f8cb462f6c4092285c8,True,80828,80828,125,0.0,0,80828.0,125,100-249,646.624
Status,52681fddcbcc444cb12f274a929e5672,True,15168,0,0,15168.0,8,15168.0,8,1-9,1896.0
Sentry Insurance,528742b05edb4f76a58d7bdab18a7ff5,True,49278,20952,15,0.0,0,20952.0,15,10-24,1396.8
"Quickbase, Inc.",52e5e04b25034ae6a52c06e114e4aa09,True,206460,184140,150,0.0,0,184140.0,150,100-249,1227.6
integration test team,52f71057b0a7485b995c6808f517144f,True,59736,41736,25,0.0,0,41736.0,25,25-49,1669.44
Miro,532165b2e77e44a5ae4400dddf2f92b8,False,10728,10728,0,10728.0,6,21456.0,6,1-9,3576.0
Vanco Automation,53a35907aeb5490abe800b9c7476b034,True,38400,38400,16,0.0,0,38400.0,16,10-24,2400.0
IBM Cloud,53afa03423b1446e945fb9b3242fd23b,True,129600,129600,60,0.0,0,129600.0,60,50-99,2160.0
American Airlines,547d6fb930254977bfbd6c49ee94ea3f,True,171900,148800,80,0.0,0,148800.0,80,50-99,1860.0
First Citizens,55a421f682f94a158dd1697efff215f2,True,20160,13440,8,0.0,0,13440.0,8,1-9,1680.0
AlaskaAir,55cc88fd03c34291a47f41b5bf121f27,True,93598,24000,10,0.0,0,24000.0,10,10-24,2400.0
ElevateQA,55ffc76c38094b1eb012e768601b3ee8,True,84660,55020,35,0.0,0,55020.0,35,25-49,1572.0
Gannett | USA Today Network,569b2b86649347a29fbb6288cedc272d,True,23041,23041,10,0.0,0,23041.0,10,10-24,2304.1
Nederlandse Spoorwegen N.V.,56cbd76420ab4d3f91a6e68a2b17b9eb,True,89163,1161,0,82459.32,64,83620.32,64,50-99,1306.5675
Cardinal Health - EPST,579110f99556441c83ee2d974e4745d2,True,21600,21600,12,0.0,0,21600.0,12,10-24,1800.0
Gilead,57ead1e69ec442c79857bf603e8c1b64,True,51636,9600,4,0.0,0,9600.0,4,1-9,2400.0
Salesforce Field Services,580549316f8e4d0ea574b73af5b060b9,True,211781,26981,20,0.0,0,26981.0,20,10-24,1349.05
Hellenic Bank,5822865fec0843ba969d59f1d6481070,True,15042,0,0,6471.48,3,6471.48,3,1-9,2157.16
MediaMarktSaturn Technology,58700088d8b140328d9c20faf8a2ac57,False,14421,5,0,14416.81,5,14421.81,5,1-9,2884.362
CVP_ADMIN,58854b1b172340d9a53aad87afacd4ee,True,138596,89600,60,0.0,0,89600.0,60,50-99,1493.3333333333333
cloud-test,58f86f5f0908495fb8942149da16ac58,True,15120,6480,3,0.0,0,6480.0,3,1-9,2160.0
salesforce.com,59bebe79f7b34f79b6efb6b58b21a894,True,74198,74198,55,0.0,0,74198.0,55,50-99,1349.0545454545454
ServiceChannel,59f7910731fe4e46a6ad423584320f2b,True,118596,118596,76,0.0,0,118596.0,76,50-99,1560.4736842105262
emirates,5a2079b92ba04aec911a40fe657558c1,True,229913,0,0,126713.16,110,126713.16,110,100-249,1151.937818181818
Move Sales,5a295c52951c45ed968b35318d3ae874,True,360000,172800,100,0.0,0,172800.0,100,100-249,1728.0
New Relic Engineering,5a738cee3f19436f866c46d6a97657b3,True,190500,183000,125,0.0,0,183000.0,125,100-249,1464.0
Benjamin Moore,5ac8254d7e694a46ad7d66d05f280498,True,24000,24000,10,0.0,0,24000.0,10,10-24,2400.0
Smiles,5acebf127280496cadb6fca53bf5f253,True,83040,14400,6,0.0,0,14400.0,6,1-9,2400.0
eToro,5b5f26a5c70f46e39c662e73e9fb4411,True,105000,0,0,4200.0,5,4200.0,5,1-9,840.0
American Greetings,5c2abd3646494f5782f94c6bf9d0bd12,True,24000,24000,10,0.0,0,24000.0,10,10-24,2400.0
Kiva,5cae0895b4164d598ef0f85dac45ff31,True,22680,22680,10,0.0,0,22680.0,10,10-24,2268.0
IHG,5cb3a298619e451c8420912b7b11f476,True,51960,20880,10,0.0,0,20880.0,10,10-24,2088.0
Adobe Systems,5d30efae8ea9420b9432d65fd86832db,True,7188,7188,8,0.0,0,7188.0,8,1-9,898.5
Transics International BV,5daf68c1e9af4af191cd916611e25e41,True,18488,0,0,15807.34,8,15807.34,8,1-9,1975.9175
Wellframe,5dc38ee758294c99a3304d3969d93032,True,83400,57240,55,0.0,0,57240.0,55,50-99,1040.7272727272727
UncommonGoods,5e58eb357a2248b5bad8c9269677156d,True,16692,14304,8,0.0,0,14304.0,8,1-9,1788.0
Salesforce - Krux,5ec52218349244bb945afd3500625e91,True,24436,20236,15,0.0,0,20236.0,15,10-24,1349.0666666666666
Roller,5ee4f1fccf024ff9b156b556d1f7d7a7,True,79260,0,0,56700.03,35,56700.03,35,25-49,1620.000857142857
ASOS.com Limited,5f0879a492a34a65bed03ff80669534e,True,93720,0,0,86520.01,80,86520.01,80,50-99,1081.500125
Groupon,5f1df2a0ffda4b2697b6f266c5d12d37,False,199519,204000,100,0.0,0,204000.0,100,100-249,2040.0
98point6,60377fcb05874673a69caf831db4c445,True,95760,30240,42,0.0,0,30240.0,42,25-49,720.0
Rogers,603b69a8657b48e797967bbff87e7e51,True,252108,48600,66,0.0,0,48600.0,66,50-99,736.3636363636364
lululemon,606bd4e780834607806daef9420647a3,True,117264,86184,42,0.0,0,86184.0,42,25-49,2052.0
IBM,6079e2c15d5c4a5b92397fec1827476c,True,20056,20056,10,0.0,0,20056.0,10,10-24,2005.6
Plexus,61452b672b4a4843a818ea127372f532,True,23760,14400,20,0.0,0,14400.0,20,10-24,720.0
T-Mobile,61d0019dee834e6abd9003623a3eb3be,True,239735,103308,75,0.0,0,103308.0,75,50-99,1377.44
Citrix,61f995005f3b41968652be49b7595d53,True,30379,23731,12,0.0,0,23731.0,12,10-24,1977.5833333333333
GoPro,624a501ffde74038a9c329e359a00f19,True,128400,67200,80,0.0,0,67200.0,80,50-99,840.0
Accenture,6253b23d7cc44ae49108c1f3cbbc37a3,True,20400,20400,10,0.0,0,20400.0,10,10-24,2040.0
Applause,6262157912374b2b83414798a353032e,True,156600,36000,30,0.0,0,36000.0,30,25-49,1200.0
"Kyruus, Inc.",628c26c0368e47e3ac0b70429f348c37,True,6675,6675,5,0.0,0,6675.0,5,1-9,1335.0
FressnapfTest,62f53128f4d647a89e8f461ae4528baa,True,18539,0,0,8940.05,5,8940.05,5,1-9,1788.0099999999998
NextGear,62ffa50b71954c0fac699c224d63720f,True,56902,56902,30,0.0,0,56902.0,30,25-49,1896.7333333333333
Qurate,63692684cb34455796c64161bae00103,True,160992,18720,10,0.0,0,18720.0,10,10-24,1872.0
Salesforce Marketing Cloud,639bba49f09c4ffa946b4ac62588f10c,True,40472,40472,30,0.0,0,40472.0,30,25-49,1349.0666666666666
FarmersQA,63b4805455584b4bb152369e0fe360b8,True,94680,50400,21,0.0,0,50400.0,21,10-24,2400.0
1&1 Mail & Media,6402150cf131474e95c0c139597cbb1a,True,51065,0,0,51065.29,40,51065.29,40,25-49,1276.63225
New Work SE,640d80bb0a8f477cbb14088f95cc1f75,True,110764,0,0,98952.0,65,98952.0,65,50-99,1522.3384615384616
Simplyhealth,65494a5f29e64fac8ebd2c2718d9033a,True,24104,0,0,8662.48,4,8662.48,4,1-9,2165.62
Herbalife Nutrition Ltd,656e3a7d13d04d219bc36ef5b2839c4a,True,372530,178800,150,0.0,0,178800.0,150,100-249,1192.0
Virtru,65b9a4e481c849c592f676bb374e1f2d,True,76500,76500,50,0.0,0,76500.0,50,50-99,1530.0
Vanguard Saucelabs Users,66f2102074f248c0b850970662fdf7c6,False,274776,315000,150,0.0,0,315000.0,150,100-249,2100.0
AS Adventure Group,671d56de9f784bec8e0024128806f822,True,22149,0,0,12072.26,6,12072.26,6,1-9,2012.0433333333333
Gigaclear,674f1d62470d4857ae930d51ab42fa1f,True,16248,0,0,1631.96,2,1631.96,2,1-9,815.98
OutSystems,683bf78d0102401392ed8217cfd1c181,True,111200,0,0,30742.91,16,30742.91,16,10-24,1921.431875
parsable,693f5dd5d91b468185c3683d7ec92aa7,True,66549,66549,40,0.0,0,66549.0,40,25-49,1663.725
Mallgroup,694f846ea4cd4621bd5ddc7b274a954c,True,17143,0,0,17142.86,10,17142.86,10,10-24,1714.286
American First Finance,69d49a1d74bc4bd4b6e28785df803ad3,True,36000,36000,15,0.0,0,36000.0,15,10-24,2400.0
Emeis Cosmetics Pty Ltd.,69e5db3e91a64de4b5820a10ba3c9eeb,True,28800,4800,2,0.0,0,4800.0,2,1-9,2400.0
PennyMac - User Portal,6a1a02be6cbe43738e65766d2e171c7f,True,122436,116220,65,0.0,0,116220.0,65,50-99,1788.0
Providence Health & Services,6a33145c10df4ba9b6686742af6fbf58,True,45900,31500,15,0.0,0,31500.0,15,10-24,2100.0
lilly,6addfd0bba764f42ade7d84e317097e9,True,112200,60000,25,0.0,0,60000.0,25,25-49,2400.0
"Plex Systems, Inc.",6aed39760fdf4a3083105a04242489de,True,45684,35160,20,0.0,0,35160.0,20,10-24,1758.0
GetWellNetwork,6bb483d097954b28a9352c430dc155ae,True,34200,11400,5,0.0,0,11400.0,5,1-9,2280.0
Kaiser Permanente,6c0f594587ad4b9d8bdafce85c34ad9f,False,92664,104708,40,0.0,0,104708.0,40,25-49,2617.7
EBSCO Information Services,6d182312f5e34dc9a4dd2cc8bfd458e8,True,96000,96000,40,0.0,0,96000.0,40,25-49,2400.0
Blue Yonder,6d3a68433bf0488d930efb9a4759253e,True,51574,29754,26,0.0,0,29754.0,26,25-49,1144.3846153846155
Life360,6d3c474f5c294c3a980d189310050fdd,True,150000,89066,95,0.0,0,89066.0,95,50-99,937.5368421052632
Meijer,6d48bab7cb3443ca80a23377a476f8dc,True,96000,72000,30,0.0,0,72000.0,30,25-49,2400.0
Sirius XM - care.sirusxm.com,6d974ef3cb184c39a67248921859644f,True,68640,44640,20,0.0,0,44640.0,20,10-24,2232.0
Schwab,6e628f9ca34d4d3a81fda1b9efb1075b,True,1281866,1129968,529,0.0,0,1129968.0,529,500+,2136.0453686200376
Fanatics,6eb144c269894a45849945fbe6c8f121,True,113700,105300,65,0.0,0,105300.0,65,50-99,1620.0
ARIAT,6f35dfb293974d198f0bef695c367fee,True,25584,25584,13,0.0,0,25584.0,13,10-24,1968.0
PharmaConnect,6f86d05dc90f48c6adb220a9a98d184c,True,18000,18000,10,0.0,0,18000.0,10,10-24,1800.0
"Okta, Inc.",6fa21c1f57fe46c4a900b501d539073d,True,67320,67320,30,0.0,0,67320.0,30,25-49,2244.0
LEGO,6fab798fb57a47b6ad215cddae867560,True,91260,0,0,38160.0,20,38160.0,20,10-24,1908.0
Metro,6fb3b4dd137f4086bad68f09f57de4ce,True,168481,0,0,147053.38,75,147053.38,75,50-99,1960.7117333333333
GCHQ,70bed9c053c64ac2829c6b20eea1a879,True,7200,0,0,7200.04,3,7200.04,3,1-9,2400.0133333333333
California Coast Credit Union,70d1e1dff0d049ea92722c0111f54ee3,True,20160,12960,6,0.0,0,12960.0,6,1-9,2160.0
Boston Scientific,713875bf779d4752a661e1e51c589a99,True,35340,0,0,19440.0,9,19440.0,9,1-9,2160.0
Squarespace,71e00a9fc7c04a6394eedf45a2e5067a,True,51768,46968,20,0.0,0,46968.0,20,10-24,2348.4
Resideo,7363ad723e10457d9aa7fa3eb16dc1ea,True,77126,77126,40,0.0,0,77126.0,40,25-49,1928.15
Twitter,738477b236cf46f48f092da946beabb6,True,1046400,856800,1000,0.0,0,856800.0,1000,500+,856.8
H-E-B Grocery,740e7b409834424eb29f62999b33d12e,True,386400,156000,100,0.0,0,156000.0,100,100-249,1560.0
Charter - real devices,7491dd130f0341b08fad5d6d42a2598a,True,21351,9089,5,0.0,0,9089.0,5,1-9,1817.8
Maplesoft,74b3bccb4e91417eb7b104a82874f08f,True,17426,17426,10,0.0,0,17426.0,10,10-24,1742.6
Lloyds Banking Group,74f4793c698340a6bde381b03f5fbf35,True,137086,1,0,137085.0,65,137086.0,65,50-99,2109.0153846153844
Charter - Digital Marketing,752dfd34487a4c27a22f35295f42147c,True,76858,25334,20,0.0,0,25334.0,20,10-24,1266.7
Domuso,7539a206121c41fda45195bcf733aa6a,True,42792,34944,32,0.0,0,34944.0,32,25-49,1092.0
ARMS Business Solutions,754e668ef5a54391acaec799861683bd,True,12000,12000,5,0.0,0,12000.0,5,1-9,2400.0
MSG,755a5a28e9c74df88959a337fdbc46d0,True,46800,39600,20,0.0,0,39600.0,20,10-24,1980.0
SquareRootSoftReg,75cc7040b607412a805c566b75d0a2d8,True,22752,3285,2,0.0,0,3285.0,2,1-9,1642.5
iqvia,75d034a6c18b4e9c9a605ea67326326b,True,84187,4176,4,0.0,0,4176.0,4,1-9,1044.0
"Nasdaq, Inc",75e8a1d6580346789dd2f885397e2a7f,True,146856,41760,68,0.0,0,41760.0,68,50-99,614.1176470588235
Vanguard Charitable,75f05ef5439f40b1b8610c427989fcd5,True,20580,12480,8,0.0,0,12480.0,8,1-9,1560.0
BP - Navitas,769e62b3a2af492f8a831e62e3a98dd6,True,64420,1,0,33218.64,21,33219.64,21,10-24,1581.887619047619
Accenture - Caterpillar,776c800386a44592a8aa1f8abdd3498a,True,46800,16800,10,0.0,0,16800.0,10,10-24,1680.0
The Washington Post,776d5859d5dc424e92414466529b0271,True,112560,76560,55,0.0,0,76560.0,55,50-99,1392.0
Corteva,7787526cdf6a48068191eead6be12a12,True,99600,48000,10,0.0,0,48000.0,10,10-24,4800.0
NebulaPlatform,7823dc48f32445fb9c444816d003af8e,True,37542,0,0,15016.88,8,15016.88,8,1-9,1877.11
Frankmout,7848e259d6a144a1933baa61bf43b2c8,True,46726,0,0,4095.0,3,4095.0,3,1-9,1365.0
OptumTest,78d9e644185246b3af6734166bc71c72,True,2615317,2222701,2000,0.0,0,2222701.0,2000,500+,1111.3505
saravana.nallasivan,793e71d4ef4345ca927002d368edf3c2,True,10815,0,0,3611.81,2,3611.81,2,1-9,1805.905
Purpose Financial,795d273991c14ea19d714f2ed8a6e4bd,True,57600,38160,25,0.0,0,38160.0,25,25-49,1526.4
RALLY,7aaf059ed3e64d4783a803d7a05643df,True,99600,73920,50,0.0,0,73920.0,50,50-99,1478.4
Regions Bank,7b3b7f1d92344fde9fe703ac3744c065,True,220500,220500,125,0.0,0,220500.0,125,100-249,1764.0
Spireon,7c21d67c80f74049950933371b2ead36,True,29708,28800,12,0.0,0,28800.0,12,10-24,2400.0
Advisor Group,7c57e3ebb90045d3acb19d502ae3e57a,True,28800,19200,8,0.0,0,19200.0,8,1-9,2400.0
LabCorp,7c93fc604f0d4a12867132509d49b6fc,True,43920,43920,20,0.0,0,43920.0,20,10-24,2196.0
Godaddy,7d68c8b953c1419887e2636e52c7c7e5,True,109620,78720,40,0.0,0,78720.0,40,25-49,1968.0
HUK-Coburg,7d7810a2419f4263b25af2afc63b831e,True,81391,0,0,22857.14,20,22857.14,20,10-24,1142.857
Healthgrades,7df881e99ebe404ba87474e8db292824,True,91200,45600,30,0.0,0,45600.0,30,25-49,1520.0
"Absa Bank, Ltd.",7e2e07e453a044a8ba696db78cc0f33e,True,92880,0,0,17280.0,32,17280.0,32,25-49,540.0
"Fossil, Inc.",7e91180b29694e30988e75c226481118,True,24000,24000,10,0.0,0,24000.0,10,10-24,2400.0
BP - Treasury,7fca3ed907974807a9d8a241daaeac91,True,8502,0,0,8502.35,5,8502.35,5,1-9,1700.47
Indeed,8031bdfea42f403da521ddaac7bfe848,True,324000,324000,300,0.0,0,324000.0,300,250-499,1080.0
epam,8102a00a42e0472cbb315deafe349cc5,True,72000,33600,35,0.0,0,33600.0,35,25-49,960.0
camelot,81ce68fea39a4541bd2c1375a324a3e8,True,199199,0,0,180000.01,100,180000.01,100,100-249,1800.0001000000002
Disney Corp.,81e063fd405c4798ac4030d2780abd28,True,62219,62219,30,0.0,0,62219.0,30,25-49,2073.9666666666667
Abbott,82e4982d233f4d6cace94ae8c1f10511,True,72720,62330,29,4449.6,2,66779.6,31,25-49,2154.1806451612906
Regeneron,832409bbb4894f1384b759df77a6880b,True,45360,10000,10,0.0,0,10000.0,10,10-24,1000.0
"Sumo Logic, Inc.",833f582fe444443c871641f82cd4099b,True,150015,22915,25,0.0,0,22915.0,25,25-49,916.6
SYF Entreprise,835e6c8077b849e7b8befd65d3c0a666,True,1086976,138600,132,0.0,0,138600.0,132,100-249,1050.0
Surescripts,83c7de7e8f4946f795645f5c7651cbf8,True,43080,24000,20,0.0,0,24000.0,20,10-24,1200.0
FinancialForce,8411acf6f777437ba49eed7521a2d35c,True,24000,24000,10,0.0,0,24000.0,10,10-24,2400.0
Lampenwelt GmbH,84177ff45b5e44cabdd0a3bc9686083b,True,12000,0,0,12000.11,5,12000.11,5,1-9,2400.022
COX Automotive,848b54ca4bbf493ea95b63c5c7c3527e,True,130560,68750,80,0.0,0,68750.0,80,50-99,859.375
Cheetah Digital,848cac6b913e46e0a90f69c8d9256ea1,True,39787,39787,31,0.0,0,39787.0,31,25-49,1283.4516129032259
Allego,84aed1896daa47acba2953749378c49c,True,21960,18000,11,0.0,0,18000.0,11,10-24,1636.3636363636363
bkbsl,84df1e049f3249649159badb73720508,True,11566,0,0,9060.0,5,9060.0,5,1-9,1812.0
GordonFoodService,85043652f3b34f0594fcbf09f201c233,True,34618,34617,30,0.0,0,34617.0,30,25-49,1153.9
Abbott Laboratories,8519625cc1de4f73b859c25bc1263f54,True,9425,2225,1,0.0,0,2225.0,1,1-9,2225.0
Pearson Marketing Cloud (PMC),85f738890fbd4e6d8e2950fc4e6e8f2d,True,44729,0,0,19529.98,15,19529.98,15,10-24,1301.9986666666666
Imperial College,869b39c5fe9e4d5190fc97d1ae867965,True,12360,0,0,8159.83,8,8159.83,8,1-9,1019.97875
Amway ID,86a59a4c863245bba3ec32a6e0e56171,False,11433,22200,5,0.0,0,22200.0,5,1-9,4440.0
Ada Health,86f76ea9f6f1463996b02edd41ed1ded,True,20160,0,0,5040.0,3,5040.0,3,1-9,1680.0
PepsiCo,8741ee65f60b4a93bd43e84eb2766fe0,True,17676,5724,3,0.0,0,5724.0,3,1-9,1908.0
nautilusfrontend,875fbb4aa1e64f5584a339490d0582c3,True,6389664,4727950,5500,0.0,0,4727950.0,5500,500+,859.6272727272727
PCIPAL,87a6ec0418ad40948889c18003619ffe,True,3264,0,0,3263.94,2,3263.94,2,1-9,1631.97
Cargill,8810ae42199b43848f8ccbf17e21ff69,True,43000,16800,10,0.0,0,16800.0,10,10-24,1680.0
Peoplenet,89f6c9c313ba4ed9b6a4e014c47d134f,True,21600,21600,10,0.0,0,21600.0,10,10-24,2160.0
1010data,8a6a62d6e9044c85b60418211262efdf,True,20549,20549,10,0.0,0,20549.0,10,10-24,2054.9
Blue Shield of California,8aeb697cc55f42dd8590e7ceebcbe339,True,178294,43414,37,0.0,0,43414.0,37,25-49,1173.3513513513512
The Toro Company,8bf9128b2de747e19fe750a345bc2b09,True,32081,32081,14,0.0,0,32081.0,14,10-24,2291.5
Dailymotion,8c558ac522dd4ab6be2bb86e4178d859,True,8952,0,0,1788.0,1,1788.0,1,1-9,1788.0
Toyota Motor Credit Corporation,8ccfc35d2daf48f5a5e04d2671e6954d,True,99300,10800,10,0.0,0,10800.0,10,10-24,1080.0
Cineplex D&T,8d279d79eb72475dabaa547fa638911c,True,18360,6120,3,0.0,0,6120.0,3,1-9,2040.0
Express Scripts,8d3650a424114a919ad713b0546ef744,True,216362,216362,100,0.0,0,216362.0,100,100-249,2163.62
Varo Money,8dbe168a601048c691d49bd6d605d085,True,70452,23484,10,0.0,0,23484.0,10,10-24,2348.4
Connections Education,8df062f33af847d7bd64122d21357ea2,True,57030,30604,30,0.0,0,30604.0,30,25-49,1020.1333333333333
LegalShield,8e0d8263349344dcaecff76d5630f5c3,True,55200,36000,15,0.0,0,36000.0,15,10-24,2400.0
Chanel,8e3416bcec96448cbec3fa0721241ed2,True,66804,0,0,66804.42,50,66804.42,50,50-99,1336.0883999999999
tiktok_saucelabs,8e8646d7ae91413484b58b922b4b4118,True,21840,21840,12,0.0,0,21840.0,12,10-24,1820.0
Pacific Life RSD,8eda437fc72b4f3fa355615cca236304,True,19200,9600,4,0.0,0,9600.0,4,1-9,2400.0
Roche Molecular Systems,8ee0fadd443b4eeb94385a6628fc2ad3,False,19200,36000,6,0.0,0,36000.0,6,1-9,6000.0
PTC,90754d5c4f73412e98cb987571037d93,True,19669,19669,10,0.0,0,19669.0,10,10-24,1966.9
"AutoNation, Inc.",90f69aa2fa3c4b3fbd86def96bed1c18,True,47808,33408,16,0.0,0,33408.0,16,10-24,2088.0
White Cap,9115963587c445e7a99a2cbadf8db582,True,12000,12000,5,0.0,0,12000.0,5,1-9,2400.0
BenefitHub Web Mobile,91ec1ca759234a2a8cd09c567e922918,True,27900,16200,8,0.0,0,16200.0,8,1-9,2025.0
NBCUniversal,923826ff5d164050a76d94ea4b3d13e8,True,57165,57165,25,0.0,0,57165.0,25,25-49,2286.6
ETRADE,9254b6056ee645288bb5e9c0b8d0009d,True,231960,135960,125,0.0,0,135960.0,125,100-249,1087.68
Cox Automotive - CRS,92e56edd912a4129997e946a7b93aab1,True,68750,68750,40,0.0,0,68750.0,40,25-49,1718.75
Kotak Securities Ltd,92e6a1f120b6411fa86962cd62fba8d9,True,11376,1776,1,0.0,0,1776.0,1,1-9,1776.0
TransUnion,932b9ab352e84d53bcca3145fecf1dc0,True,18540,18540,10,0.0,0,18540.0,10,10-24,1854.0
WestJet,943dee4af279426eaee69ac5ecf35278,True,84000,39168,20,0.0,0,39168.0,20,10-24,1958.4
Blend Labs,94befe0ff7c44062841eadcac05e5e8a,True,28659,21240,10,0.0,0,21240.0,10,10-24,2124.0
ING,94df2e68797c4b8f943dfb65276dd7ae,True,40320,0,0,15600.0,10,15600.0,10,10-24,1560.0
BOQ,94eda36007754668883aadd5800fd73f,True,135120,19920,10,0.0,0,19920.0,10,10-24,1992.0
John Deere IT,95725b837fb94586b14a5a92691d5d5e,True,26161,22673,13,3488.16,2,26161.16,15,10-24,1744.0773333333334
WorkJam,95f1aaf6ec33454bac1e768ddadd6db0,False,9000,22500,4,0.0,0,22500.0,4,1-9,5625.0
The RealReal,962ac955c5d645c080ff019add2158c8,True,24218,10773,5,0.0,0,10773.0,5,1-9,2154.6
Infosys Limited,963c3447b33b4b86809ef96a7a22e058,True,111296,24658,15,0.0,0,24658.0,15,10-24,1643.8666666666666
NSWDoE,963df629f6a1415ead3f1475ea530b88,False,10800,16128,6,0.0,0,16128.0,6,1-9,2688.0
Voya Financial,9649f64d765242998cbaf99e78faa3c5,True,181567,46417,30,0.0,0,46417.0,30,25-49,1547.2333333333333
Openbank,96acc0ec237440958d9904011184d5ff,True,168000,0,0,28800.01,15,28800.01,15,10-24,1920.0006666666666
Spark Ventures NZ,96c4c3162c9144bb856519351694dd5f,True,23602,23602,10,0.0,0,23602.0,10,10-24,2360.2
Yahoo Inc !,97c8f05970dd445f950cae18040941ce,True,1193432,861840,950,0.0,0,861840.0,950,500+,907.2
IKEA_TE,97d0366d59f0429e977db4ee061fb7ca,True,83624,0,0,36018.0,25,36018.0,25,25-49,1440.72
Sales-I,9806b1792b9f41d4a6862b31c64fa7b1,True,16939,0,0,8469.06,4,8469.06,4,1-9,2117.265
Central1 Credit Union,981c99cd63634b52a48e63a4667e3bc7,True,19080,14304,8,0.0,0,14304.0,8,1-9,1788.0
"ONESTIC, INNOVACION Y DESARROLLO S.L.",9909c9cbfec64406b23fa271fa36ac5c,True,37570,0,0,16024.8,12,16024.8,12,10-24,1335.3999999999999
Serko,9972b511fb2f44bb8e70118b2340af4f,True,11712,11712,8,0.0,0,11712.0,8,1-9,1464.0
1800Flowers,9a112f77ad7341df95b5fe85a4fe310b,True,194126,99031,58,3414.84,2,102445.84,60,50-99,1707.4306666666666
Generali Business Solutions,9b60a70239654dc4b882b5e46c1f73af,True,108783,0,0,21000.06,10,21000.06,10,10-24,2100.0060000000003
StockX,9b7918a7d2cd4268a5eea86c307d5212,True,29952,8352,4,0.0,0,8352.0,4,1-9,2088.0
Care.com,9b8b8f66a4084716890435b9cd14386d,True,255000,118608,62,13440.0,8,132048.0,70,50-99,1886.4
Kingfisher Group,9ba26c782675430fade395c4db380d3d,True,132120,96900,40,0.0,0,96900.0,40,25-49,2422.5
Skyscanner,9ba7aceaff2045c7a292a7a83f51080b,True,15837,0,0,7437.0,5,7437.0,5,1-9,1487.4
Canva,9c4bbbba05a34d13b105d23dac4515f5,False,19500,66744,5,0.0,0,66744.0,5,1-9,13348.8
Consumer Financial Protection Bureau,9ce7053a518e4022bbe058074845b7a6,True,12978,12978,15,0.0,0,12978.0,15,10-24,865.2
Bison Schweiz AG,9d03b25bbeea424098b6fa9c220630b6,True,41124,0,0,41123.77,15,41123.77,15,10-24,2741.5846666666666
Genesys,9e218ac151fb4c908cebaf565980e4dd,True,128408,45963,110,0.0,0,45963.0,110,100-249,417.8454545454546
fidelitymaster,9e4b17ffc8a741bb820158d103d0b1f1,True,103950,0,0,103950.0,55,103950.0,55,50-99,1890.0
Euroconsumers,9e66d26009f943dc94a8bb388f5287e0,False,48570,0,0,48571.44,25,48571.44,25,25-49,1942.8576
HDS FM,9eccece22aa54e7294ef7e4bd9d0eb3d,True,102810,40800,120,0.0,0,40800.0,120,100-249,340.0
Hootsuite,9f55cf25c0bc4fffb34db5c570772ce4,True,109500,73500,35,0.0,0,73500.0,35,25-49,2100.0
Reform,9f971045f079476bb1ea7a8a50ab17e4,True,57900,0,0,50700.0,25,50700.0,25,25-49,2028.0
CDK Global LLC,9fb4d3a3c3174d53aa7bd371cc3f1c96,True,194208,158208,100,0.0,0,158208.0,100,100-249,1582.08
"Cardinal Health, Inc.(e-Commerce)",a016ae2debf74bb8a31ed44a5ef8f85f,True,14509,14509,10,0.0,0,14509.0,10,10-24,1450.9
brianjohnstonRegal,a109314168dd4454b1ee7e9614c56c1f,True,45552,17520,10,0.0,0,17520.0,10,10-24,1752.0
PayPal,a125f222b9054eea9e612f2590085793,False,260652,314119,195,0.0,0,314119.0,195,100-249,1610.8666666666666
Trafikförvaltningen,a13fd1ee142f4748a8012c5d9de9fb6b,True,20627,0,0,11460.0,5,11460.0,5,1-9,2292.0
Klick Inc,a145d0979d7f459faa0558f759c1883d,True,64964,64964,36,0.0,0,64964.0,36,25-49,1804.5555555555557
Unilever,a1a8cb448da545ae95c40dc6bc099a58,True,25380,0,0,25380.0,15,25380.0,15,10-24,1692.0
Solera,a3b170bf656a4cf9a8e58ec352f14f1c,True,94680,39480,35,0.0,0,39480.0,35,25-49,1128.0
Securian,a3f43eef6e4d406cb10ba0c4ef7b4864,True,53766,32260,15,0.0,0,32260.0,15,10-24,2150.6666666666665
Microsoft Teams,a419d73af02347f582ae01c5e6ce5c11,True,113400,99000,50,0.0,0,99000.0,50,50-99,1980.0
Testsigma,a42c43f08b284b9c8ab958c395a65515,True,60840,35640,27,0.0,10,35640.0,37,25-49,963.2432432432432
TestAtCovea,a456c61de1e24058a45d99a189215fa1,True,30868,0,0,22799.38,12,22799.38,12,10-24,1899.9483333333335
SVB QA,a4efd7d8def542e0b19c72f265a14e67,True,222240,114480,60,0.0,0,114480.0,60,50-99,1908.0
Vestmark,a51ed066c2134021b3fb0e7ccad839e6,True,19158,19158,10,0.0,0,19158.0,10,10-24,1915.8
Staples,a524ba2759e44522b77853f49652b540,True,87698,63698,32,0.0,0,63698.0,32,25-49,1990.5625
Scout24,a5a30d9ca5464909a1bbad8232b7e01d,True,19434,0,0,19433.99,10,19433.99,10,10-24,1943.3990000000001
LifeWay Christian Resources,a6350128059841ae9f0c4fa5d7095598,True,29976,20300,20,0.0,0,20300.0,20,10-24,1015.0
Rodan and Fields,a68575f4d4d1423991b5792918e10379,True,207180,43445,120,0.0,0,43445.0,120,100-249,362.0416666666667
Scripps Networks,a6cbd9dc8b1e4ce3b8a81cd13c276e7f,True,89118,89118,50,0.0,0,89118.0,50,50-99,1782.36
UKG - Quality,a737bad0af41419f9de83175dd30ea48,True,361176,181656,87,0.0,0,181656.0,87,50-99,2088.0
Tenable Inc.,a7428ea9ee184d988c9dd9e2f3710d20,True,231560,163125,120,0.0,0,163125.0,120,100-249,1359.375
"Duolingo, Inc.",a7a61e08f9934442b39d97ceb9bc5dcf,True,261334,232560,150,0.0,0,232560.0,150,100-249,1550.4
"nCino, LLC",a7c9035cf30946e6ae542c589fa892d8,True,25462,25462,10,0.0,0,25462.0,10,10-24,2546.2
Accenture_ADOP_M,a849fc706554494699dc1bc38a15a2ef,False,20550,45897,10,0.0,0,45897.0,10,10-24,4589.7
TAKEALOT_MASTER,a88e569fe38042ca954be1213a2ece4d,True,19200,0,0,19200.0,11,19200.0,11,10-24,1745.4545454545455
eureQa,a8ba5c4b86644ff79ba31a2e02f67081,True,116086,87886,44,0.0,0,87886.0,44,25-49,1997.409090909091
Gemini,a8be49407cbd449291966160a91fc7f5,True,36000,12000,6,0.0,0,12000.0,6,1-9,2000.0
Smartsheet,a9d8d90bede04e019d49415fd6ef4e4f,True,264600,264600,175,0.0,0,264600.0,175,100-249,1512.0
Refinitiv,aa430157c0fc4fcabdf09a2700da7173,True,28200,22200,10,0.0,0,22200.0,10,10-24,2220.0
BP - BAS - Enabling Solutions,aad0e7dfc19c46a691d5820c48ac61e7,True,7928,0,0,7927.8,5,7927.8,5,1-9,1585.56
d-NRW AöR,ab52f1d9666c469ca904a3837c79115f,True,4393,0,0,1470.0,1,1470.0,1,1-9,1470.0
Zaizi,adc42ca06f7a4764b76a36cd011422b3,True,7152,0,0,7152.0,4,7152.0,4,1-9,1788.0
FHLB SF,ade2bf7a818e43b081200901a55b0b55,True,15332,15332,10,0.0,0,15332.0,10,10-24,1533.2
SNCF CONNECT & TECH SERVICES,ae55bc61b4e04adf82f5fdcd7910a0c6,True,43326,0,0,7203.62,5,7203.62,5,1-9,1440.724
Sonexus Health,ae7d60769ac84349b47687b58eb00b07,True,3600,3600,2,0.0,0,3600.0,2,1-9,1800.0
California Department of Public Health CDPH,af64620e8a784ee4913aa6e807a390c1,True,25080,25080,11,0.0,0,25080.0,11,10-24,2280.0
BOFA,af8cb64af6ff40159fdc1c1b33497714,True,441600,441600,230,0.0,0,441600.0,230,100-249,1920.0
Edelman Financial Engines,af9399117048418ca56ef7ba1db87a02,True,20000,17500,8,0.0,0,17500.0,8,1-9,2187.5
Weedmaps,afb6f2b436874882b05bb89831acd98e,True,46519,46519,20,0.0,0,46519.0,20,10-24,2325.95
Ventiv Technology,b0c35d4cb1e94983933ab33859ba46f9,True,34848,34848,22,0.0,0,34848.0,22,10-24,1584.0
Hilti-dms,b0de841f3adb496094029961d6a70421,True,22980,0,0,1812.04,1,1812.04,1,1-9,1812.04
Progrexion ASG Inc.,b16a916e29da4eeaaf53459217fb6233,True,31800,21000,10,0.0,0,21000.0,10,10-24,2100.0
Santander Global Tech,b183eb4aeb154bb1942967a720debe03,True,24640,0,0,1812.0,1,1812.0,1,1-9,1812.0
"Ticketmaster Entertainment, Inc.",b27d784f75cb48459d56467d221c5c82,True,144330,80031,53,0.0,0,80031.0,53,50-99,1510.0188679245282
Canadian Tire Bank,b297a56416384acbaff7b63515bbc077,False,14280,22320,10,0.0,0,22320.0,10,10-24,2232.0
Ironclad,b32fa4b333d14773b890799b89f5a09d,True,21600,16310,15,0.0,0,16310.0,15,10-24,1087.3333333333333
noesisbrasil,b374a76d82d5435fa1909364ea199a1f,True,47462,0,0,17395.16,12,17395.16,12,10-24,1449.5966666666666
Oportun,b3c80e0485dd484582ea4af17ac5fce1,True,155917,82610,54,0.0,0,82610.0,54,50-99,1529.8148148148148
Cardinal Health,b3cf33d788514eeb83e516e654ce700a,True,57756,18000,10,0.0,0,18000.0,10,10-24,1800.0
SFG,b3fdb7b899a04fd880e37136d8e3a1e6,True,62580,62580,35,0.0,0,62580.0,35,25-49,1788.0
Choice Hotels International,b45464d6fac6455883abdce61a9fb179,True,50761,49173,10,0.0,0,49173.0,10,10-24,4917.3
OTR,b4b8a583f7d140c1b806c462efa3e6f7,False,37345,0,0,41494.32,15,41494.32,15,10-24,2766.288
Nextdoor,b547b6ca428c4b57b458f60b23f5133f,True,15000,10800,5,0.0,0,10800.0,5,1-9,2160.0
GreenSky,b592f5b020494b24a07cda1350b3b9e2,True,30158,30158,20,0.0,0,30158.0,20,10-24,1507.9
Bealls,b5996941928a4da79316a5cbfbe9e1a3,True,21204,13392,4,0.0,0,13392.0,4,1-9,3348.0
Amway (My Biz ),b5f15856e7dd48eaaae1a1302fa7268b,False,34299,44400,15,0.0,0,44400.0,15,10-24,2960.0
MerchantE,b60aa7756fd84ef9bd85b03ec3fe3a59,True,28800,19200,8,0.0,0,19200.0,8,1-9,2400.0
Derivco,b841d369350846eebd9de0f4896a0f70,True,70258,0,0,30235.68,17,30235.68,17,10-24,1778.5694117647058
TELUS Corporation,b85549a6e3154141bb6a346aec215a2f,True,22915,22915,10,0.0,0,22915.0,10,10-24,2291.5
Autodesk,b86a296c39124c1b994a0a87a8559e6d,True,251344,170083,100,0.0,0,170083.0,100,100-249,1700.83
yogesh.kanoi,b8c88bdc3b4b45bebabcafc9d23040ae,True,10032,2736,2,0.0,0,2736.0,2,1-9,1368.0
tbg_developer,b8d41feb1d0343449ed02645181215c2,True,28409,0,0,3840.18,2,3840.18,2,1-9,1920.09
Idexx Laboratories,b9273a6af375446bb8f202e42159f6fa,True,48000,33600,14,14400.0,6,48000.0,20,10-24,2400.0
ABN AMRO,b9c44f9913ee4026b198928ab642a04a,True,322918,0,0,36551.02,26,36551.02,26,25-49,1405.8084615384614
Quicken Loans,bab8fa418e3543f583c2be09d40df65b,True,47010,9270,10,0.0,0,9270.0,10,10-24,927.0
Sleep Number,bac78cd3a4f74aca868c6b383298e2a4,True,51532,22866,25,0.0,0,22866.0,25,25-49,914.64
BGC Engineering,bb0cd1195f5540a8a569209af6d4e1f8,True,24000,24000,10,0.0,0,24000.0,10,10-24,2400.0
Banca Mediolanum,bb467e7550fe4cc7bc34ad48af4886f4,True,44544,0,0,12767.96,7,12767.96,7,1-9,1823.9942857142855
UserZoom,bc1e0083dfbb46ab96bce0aecddcda52,True,29998,18011,16,0.0,0,18011.0,16,10-24,1125.6875
Idera,bc31e24f9ad54183abd2ac0a5970d59d,True,66000,66000,50,0.0,0,66000.0,50,50-99,1320.0
Mixpanel,bc445167596545258090a15ee818228f,True,100800,84000,48,0.0,0,84000.0,48,25-49,1750.0
VyStar,bd064e75dcfd498e9fb0d7d7c1546976,True,45264,16656,8,0.0,0,16656.0,8,1-9,2082.0
BTB,be2a2fafda9e4830ac69cd1730fca857,True,49500,36000,30,0.0,0,36000.0,30,25-49,1200.0
Mozilla,be60fbb0d0604172941996bc87e9a0d0,True,14400,14400,10,0.0,0,14400.0,10,10-24,1440.0
disney_qe,be6641d9f85a47419ff59d05f8a99d3d,True,106914,106914,50,0.0,0,106914.0,50,50-99,2138.28
Workday,be75878c8c2e46aca831f003cb5f75e5,False,130331,120900,69,16497.6,10,137397.6,79,50-99,1739.2101265822785
Ping Identity,be914c61da844b23af7170ce61aca435,True,39960,24000,20,0.0,0,24000.0,20,10-24,1200.0
Cisco Systems,bee402a191bf4a8596d3b9a796d4e6f8,True,73418,40124,45,0.0,0,40124.0,45,25-49,891.6444444444444
Docebo,bf09c2a133b8475087223656a31295c8,True,107904,0,0,101640.01,70,101640.01,70,50-99,1452.0001428571427
Dick's Sporting Goods,bf54225b97dd441b8525164252466e5a,True,82622,55622,40,0.0,0,55622.0,40,25-49,1390.55
Games Platform,bfa87b63a81947b7a8b517e1ab0037cb,True,134829,0,0,32256.0,18,32256.0,18,10-24,1792.0
Citizens Advice,bfbdfc924e034c8a9dc0fa03a60dff04,True,16364,0,0,16363.94,15,16363.94,15,10-24,1090.9293333333333
CATS,c02a6aa681a64ca6a8ef4a24745a2194,True,111406,0,0,33184.05,25,33184.05,25,25-49,1327.362
"Comcast Cable Communications Management, LLC",c05ad423961448279804c91d8b6875ed,True,127306,61106,30,0.0,0,61106.0,30,25-49,2036.8666666666666
CoreLogic,c0647d10acdf4fc69cec2c98c57760fb,True,108000,108000,60,0.0,0,108000.0,60,50-99,1800.0
THE NET-A-PORTER GROUP LIMITED,c0b71cac2ed5494a8d1a101ac09dc2af,True,11781,0,0,11781.0,5,11781.0,5,1-9,2356.2
SAP SE,c1008103efe14dfe999ed2031b2b5e84,True,900000,0,0,597600.0,664,597600.0,664,500+,900.0
Apparound,c1220ffb140e49f799908ed9d1f36d37,True,22146,0,0,4613.76,2,4613.76,2,1-9,2306.88
Vesta,c1d98716ef1f45149be8715c156df252,True,20517,16917,10,0.0,0,16917.0,10,10-24,1691.7
Paychex,c1df3fcb28094dc3a250f19cb3bce303,True,350446,254530,200,0.0,0,254530.0,200,100-249,1272.65
Score Media and Gaming Inc,c224828ebf034744ae03fdd33efab972,True,105528,20880,15,0.0,0,20880.0,15,10-24,1392.0
Demandware,c267acab382d4647b97f0a36e99e50fd,True,6746,6746,5,0.0,0,6746.0,5,1-9,1349.2
Transzap Inc,c2b53b1801ee432ba0fcf99f6a2ae385,True,29849,29849,15,0.0,0,29849.0,15,10-24,1989.9333333333334
VoucherCodes,c2ee4577b56c434eb038bb2a44ca9ff8,True,45728,0,0,19664.09,15,19664.09,15,10-24,1310.9393333333333
Estee Lauder,c42c68bd4ba64afebac090344221e74b,True,99317,96369,60,0.0,0,96369.0,60,50-99,1606.15
lbadmin,c42c8b577b6d47e6b4ab93da28623795,True,371549,344572,263,0.0,0,344572.0,263,250-499,1310.1596958174905
DigiB,c495abb8090640ee8e32b3fce62278aa,True,11250,0,0,11250.0,5,11250.0,5,1-9,2250.0
Clarivate,c4f176d93e0a4289aeeaff577cd85fb0,True,33449,33449,25,0.0,0,33449.0,25,25-49,1337.96
"Chan Zuckerberg Initiative, LLC",c4f75769dff841029addc28d45b371f4,True,10000,10000,5,0.0,0,10000.0,5,1-9,2000.0
ESC NIHB,c508f8c2c32d4a80825a418943c1218d,True,112167,112167,55,0.0,0,112167.0,55,50-99,2039.4
Walmart,c5131d94c01c49b9b1c3e7265c05a9ba,True,2089126,1662898,1320,0.0,0,1662898.0,1320,500+,1259.771212121212
Costco Travel,c5326f4aaabc4136ae014804a0db283a,True,65400,24000,10,0.0,0,24000.0,10,10-24,2400.0
CNP Assurances,c55ade77e18d42a7a1e11c3dd66474ab,True,10800,0,0,3600.0,2,3600.0,2,1-9,1800.0
AppKeeper,c5b5f547c814408c816d8ad095b49844,True,37020,0,0,2098.8,1,2098.8,1,1-9,2098.8
Walt Disney Studio Technology,c5cdfd2438ff4b2ba9ef8e6c56d8f6d6,True,22680,22680,10,0.0,0,22680.0,10,10-24,2268.0
Vizient,c6dc9f55a9aa4339946c031f64b921fc,True,50100,19800,10,0.0,0,19800.0,10,10-24,1980.0
Fabric,c72a468d80a54c098f3eca9e58744bd0,True,20880,20880,10,0.0,0,20880.0,10,10-24,2088.0
KP.ORG,c745ec6493324cb4ac1f1d3cd09230b3,True,265200,265200,130,0.0,0,265200.0,130,100-249,2040.0
Xcel_QA,c7969a273f7c46098947f601116f32a0,True,50920,20462,10,0.0,0,20462.0,10,10-24,2046.2
"IPC Systems, Inc.",c7a2b06d6a98449f9fc1ba63f841cb3a,True,120309,120309,75,0.0,0,120309.0,75,50-99,1604.12
World Fuel Services,c82eebd9033c4bf0a5021d5b1a9a723e,True,35880,17880,10,0.0,0,17880.0,10,10-24,1788.0
Build,c83dbd42016243bdb4c4721c4ae38a43,True,100771,85231,65,0.0,0,85231.0,65,50-99,1311.246153846154
OpenEdge,c8c547fb3a46461b9b8061fb3aa7114e,True,64200,45000,20,0.0,0,45000.0,20,10-24,2250.0
BeachBody,c98e7a6084744c92b6f0459147b0c16d,True,72600,55800,50,0.0,0,55800.0,50,50-99,1116.0
smoghe,ca17a53ff477451bba6ed5453c175ffd,True,15249,1800,2,0.0,0,1800.0,2,1-9,900.0
European Parliament,ca2c427ff48341c5887b1494c5ac29e1,True,45429,0,0,17213.94,10,17213.94,10,10-24,1721.3939999999998
Conversant Media,ca483970b94f4553b8e64bea8f7cb8f8,True,90000,20496,50,0.0,0,20496.0,50,50-99,409.92
HEIST,ca57baca2c2243468da033c42403bd39,True,36000,36000,15,0.0,0,36000.0,15,10-24,2400.0
DMED,cb3f66b35fc344d2bd984f18b89dac7e,True,249480,249480,125,0.0,0,249480.0,125,100-249,1995.84
Swiss Re Management Ltd,cb7bfcaac6454d018ad257d41367b9fb,True,13264,0,0,6631.86,4,6631.86,4,1-9,1657.965
Santander Group,cc35c7d358ec4985921af82ecb527947,True,66933,0,0,3623.95,4,3623.95,4,1-9,905.9875
Trimble,cc49d4de7dae41f9a0a90ade11f8be37,True,20040,10800,5,0.0,0,10800.0,5,1-9,2160.0
Pluralsight,ccb2ae1d49ee4422b0a935d9bbd8e3e8,True,14400,14400,10,0.0,0,14400.0,10,10-24,1440.0
Atmosphere,ccbd440a560c49dfb4feaed4a4c9b23c,True,177954,0,0,177954.36,100,177954.36,100,100-249,1779.5436
Amerisourcebergen,ccf784c9ee9b408aa487aee30fca5d17,True,64020,23280,10,0.0,0,23280.0,10,10-24,2328.0
TWDC Digital Media,cd3bd5d3cee14e1bac99d76e605e1996,False,13608,15876,6,0.0,0,15876.0,6,1-9,2646.0
Grainger,cd4aadfe3c594f50a886f1dc7919d0d0,False,121500,178500,75,0.0,0,178500.0,75,50-99,2380.0
Life & Retirement,ce3877bfb26a43afa8336b64fe6cbf6e,True,189525,132525,75,54150.0,38,186675.0,113,100-249,1651.9911504424779
CBRE Group Inc,ce5f00c80c6349d59d639fbc3296bee4,False,22920,57300,10,0.0,0,57300.0,10,10-24,5730.0
dell_sauce,cf4bfa2e3317424ea3475ef617d359ef,False,704448,705000,311,0.0,0,705000.0,311,250-499,2266.8810289389066
OnDeck,cf5a0a619b08400a9926c95b85975d5a,True,45850,38194,20,0.0,0,38194.0,20,10-24,1909.7
Charter,d027dbed067248829c0ed323b1278fb8,True,990360,441000,600,0.0,0,441000.0,600,500+,735.0
TripActions,d05ca9e4619140c99b0f53142e6e5ea9,True,25776,9600,4,0.0,0,9600.0,4,1-9,2400.0
Constellation Brands,d08866b8f10f40deb8acfaf074e046f3,True,7816,7816,4,0.0,0,7816.0,4,1-9,1954.0
"Comcast Cable Communications Management, LLC",d0cdb27f110441ecb25fad7bd91ebea7,True,32417,22817,13,0.0,0,22817.0,13,10-24,1755.1538461538462
iCIMS,d0f26d152b65418d99d8c5a9afbecc2e,False,12000,24000,5,0.0,0,24000.0,5,1-9,4800.0
Impact,d0fbb1d73a1740da8acc300e9bdb4f03,True,33504,31116,17,0.0,0,31116.0,17,10-24,1830.3529411764705
Priceline,d10c2800bfa347d28ab2076563a09cdd,True,91860,90900,55,0.0,0,90900.0,55,50-99,1652.7272727272727
Associated Bank,d28a012768124cb485ce55fd8840fd08,True,81704,22898,15,0.0,0,22898.0,15,10-24,1526.5333333333333
The Associated Press,d2a775e78c8440659f2fbed3bca20a72,True,21984,16704,10,0.0,0,16704.0,10,10-24,1670.4
Santander Consumer Bank GmbH,d2f39ab8ba834bddb23db42ee2c78366,True,37957,0,0,9716.96,5,9716.96,5,1-9,1943.3919999999998
Zaxby's,d2fc3979e7a04e5f9058bf35a48c420e,True,78480,20880,15,0.0,0,20880.0,15,10-24,1392.0
Stormshield,d35f41e34e844c48a85c4628466d5c22,True,4776,0,0,4776.0,2,4776.0,2,1-9,2388.0
Split,d361a142170b45d4b9c22e21d1336634,True,51900,23526,35,0.0,0,23526.0,35,25-49,672.1714285714286
Mercer Consulting Group,d3a1c896727b42598c4bd8ce2354513b,True,173999,74160,45,19800.0,10,93960.0,55,50-99,1708.3636363636363
Tableau Enterprise Applications,d469824414d14a1b95a8132fe2a15ebd,True,134904,134904,100,0.0,0,134904.0,100,100-249,1349.04
Qualcomm - Corporate,d4880b408b5b49059c7d8ca9af7bdc6a,True,24494,24494,24,0.0,0,24494.0,24,10-24,1020.5833333333334
Shape Security,d540605ddf9a4dc1a3f0f8d14369d648,True,24000,9600,4,0.0,0,9600.0,4,1-9,2400.0
Swisscard AECS,d57a4154827b4ac4997df6b6984b08c1,True,17738,0,0,8868.57,4,8868.57,4,1-9,2217.1425
CriteoRD,d60a74bb19db4161870c35bedd7b8604,True,204337,1986,0,167600.12,125,169586.12,125,100-249,1356.68896
Wipro MIB,d67f7ddc06aa4bca963326950c6b16b9,True,13440,0,0,13440.0,8,13440.0,8,1-9,1680.0
Affirm,d72cc02fbfb84ee39ecd84dee91e2424,True,99716,85471,80,0.0,0,85471.0,80,50-99,1068.3875
TaxAct,d77825c5a9264412b7ea430a125ecf88,True,254640,204000,106,0.0,0,204000.0,106,100-249,1924.5283018867924
NHS BSA,d7df0a0654b94ca2a5133cbae77dea49,True,33040,0,0,5303.99,6,5303.99,6,1-9,883.9983333333333
Bottomline,d92c1d5709be47ae935f2bae1408e1f8,True,20976,13248,6,0.0,0,13248.0,6,1-9,2208.0
Spectrum Reach/Kernel,d9704a809c5947cf803b52d978cd2ed0,True,6252,3800,3,0.0,0,3800.0,3,1-9,1266.6666666666667
CapitalOne,d9be7b14825d4f2ab5dea3d7e6586c28,False,96000,168096,40,0.0,0,168096.0,40,25-49,4202.4
EAX,da1cd680faec44eaa4980a901974b989,True,93600,93442,40,0.0,0,93442.0,40,25-49,2336.05
Prologis,da92136b906e47e09239fb8f8f77a674,True,40637,10740,5,0.0,0,10740.0,5,1-9,2148.0
GE Sauce Labs,daeb9ee480494d1e98d8aeb21447a4d3,False,20401,40801,10,0.0,0,40801.0,10,10-24,4080.1
Crealogix,daf4ca5fae9849dc98d8f224b269adf1,True,63589,0,0,25435.63,10,25435.63,10,10-24,2543.563
The New York Times Company,db105cdc2cdd4d31aaaf94f8e82d17bf,False,42840,85680,100,0.0,0,85680.0,100,100-249,856.8
Peddle,db9887d13c4c4e82948e456fdd2df24b,True,7200,7200,4,0.0,0,7200.0,4,1-9,1800.0
dcsecosystem,ddef3feeb6d84e808b73f88a60285c86,True,11478,0,0,1761.21,1,1761.21,1,1-9,1761.21
Siemens,de1e4425a78e4e2f84400eefb6b3e9cf,True,11429,0,0,11428.57,4,11428.57,4,1-9,2857.1425
iHerb,de28cf9f8a2b4fe0b979bde62e6c92a2,False,58240,58320,18,0.0,0,58320.0,18,10-24,3240.0
RCM,deb762964304463393d15c6e7112d9f4,True,102210,70762,70,0.0,0,70762.0,70,50-99,1010.8857142857142
THG,df05ea303cb745838de7f7c33e729a8f,True,12240,0,0,12240.0,6,12240.0,6,1-9,2040.0
Sophos,df2ef0d0114d4c04bd6fcdc61c15ea2f,True,24660,0,0,24660.0,15,24660.0,15,10-24,1644.0
Wonderbox Technologies,df4ae219443f40a2883e20ae9e9d0dfe,True,54000,54000,25,0.0,0,54000.0,25,25-49,2160.0
Mileway,df6d3d78aad840869dca2d610c26843c,True,6300,0,0,6300.0,3,6300.0,3,1-9,2100.0
Redfin,dfd1f12c32d84763b8327319face598b,True,147084,147084,100,0.0,0,147084.0,100,100-249,1470.84
WBA UK,e04050b38bbe4a499fffd11dcae9b1a3,True,152089,0,0,49690.31,29,49690.31,29,25-49,1713.4589655172413
ErsteDigital_George,e06ccc6b57254477b3d4bb3da1698679,True,171636,0,0,63420.03,50,63420.03,50,50-99,1268.4006
Brightinsight.com,e0a007ff9bb142af92eb4c3146d7c2e0,True,189997,56796,40,0.0,0,56796.0,40,25-49,1419.9
Hermes-Test-CCA,e0e101e0009e4928be58ee5331fe4d5a,True,38573,0,0,8937.6,4,8937.6,4,1-9,2234.4
BBVA_MX,e10156eb515b41c194d3e3b066c13b11,True,135840,481,0,105240.1,100,105721.1,100,100-249,1057.211
WienIT GmbH,e1bd7dae015d43b7ac65d580532c1563,True,24693,0,0,10328.35,6,10328.35,6,1-9,1721.3916666666667
Wynshop,e1c3c98ea9b249418713d4b0efe042aa,True,14400,0,0,4799.9,4,4799.9,4,1-9,1199.975
ukparliament2,e1cfd173273e4c88b748e941c3282ad4,True,28800,0,0,28800.0,17,28800.0,17,10-24,1694.1176470588234
OneTrust,e249ad4a4722412aa6b44cc2d79957ee,True,55968,31104,16,0.0,0,31104.0,16,10-24,1944.0
Coles,e306bc27282b45cbac75834d198a6b99,True,77814,44400,26,0.0,0,44400.0,26,25-49,1707.6923076923076
AAA-Clublabs,e3b2859d160f4bbabb221f78c784198e,True,241839,144000,79,0.0,0,144000.0,79,50-99,1822.7848101265822
GrandVision,e4785ed1a2c047f6aa4b9459ef760551,True,29857,0,0,21455.98,12,21455.98,12,10-24,1787.9983333333332
Starbucks Corporation,e492ec3d682844909d09e3b69879fc18,True,47760,47760,20,0.0,0,47760.0,20,10-24,2388.0
Maps,e4b8de0d231f4aec9f3adac5cab48541,True,67452,67452,50,0.0,0,67452.0,50,50-99,1349.04
LifeLock Inc,e50dbdb54e964d0ca14f9776a3afcd4f,True,150300,150300,75,0.0,0,150300.0,75,50-99,2004.0
Netskope,e55a974a4c7247c79d48205b37821094,True,33660,18240,22,0.0,0,18240.0,22,10-24,829.0909090909091
inditex,e57117fbfee54b2b8dc4116343d7768f,True,26136,0,0,9936.0,6,9936.0,6,1-9,1656.0
Stryker,e59431942d524d548683d9ab21269607,True,22249,15574,7,6674.52,3,22248.52,10,10-24,2224.852
SmartThings,e613b6b37020470bb335d9fa48cebda9,True,24000,24000,10,0.0,0,24000.0,10,10-24,2400.0
Intuit,e65728b698e34c32989352af0119b888,True,900000,900000,600,0.0,0,900000.0,600,500+,1500.0
Ebay,e69561c39e754d0b83fdea263a6a0ced,True,60352,33421,16,0.0,0,33421.0,16,10-24,2088.8125
Bose,e6ccfeceeff6489d8d573a0fa814d0fe,True,97183,1903,1,55199.76,29,57102.76,30,25-49,1903.4253333333334
Discover Financial Services,e763994b4c484a5b83cfcf497c5ab20c,True,702900,254400,400,0.0,0,254400.0,400,250-499,636.0
Crowe,e84f973bed43440d9c44c35c936e399f,True,96000,96000,50,0.0,0,96000.0,50,50-99,1920.0
Microsoft Stream,e8b2c92d6508457b8928e00823885fda,True,24000,16800,7,0.0,0,16800.0,7,1-9,2400.0
SICK AG,e90cfc7dc61b48d18938faef2ae77457,True,24300,0,0,24299.64,14,24299.64,14,10-24,1735.6885714285713
Prudential,e98b566df4e244e0a96b3a48c1651acb,True,201420,27000,15,9000.0,5,36000.0,20,10-24,1800.0
adept-poc,e98bb89bfdff433d8c07536b0deb4b4b,True,24000,24000,10,0.0,0,24000.0,10,10-24,2400.0
Nokia Deepfield Networks,e9dfdb87ad88411aa3fda398f655487b,True,24000,24000,10,0.0,0,24000.0,10,10-24,2400.0
Rakuten,ea05fbc5f2e8423d9ad8e1e1336fb5dc,True,13533,13533,8,0.0,0,13533.0,8,1-9,1691.625
Qualifacts Systems Inc.,ea0638d03ec54930b1dd295dc4a3a810,True,121992,37200,56,0.0,0,37200.0,56,50-99,664.2857142857143
Stamps.com,eb9bbf06e1a644739f7ffc577716fcf3,True,76200,59400,35,0.0,0,59400.0,35,25-49,1697.142857142857
Kingland,eba446ccadba44618ace9bc89afa0fe0,True,28704,14304,8,0.0,0,14304.0,8,1-9,1788.0
Twinspires,ebbd5a55514740c5873af908c002fcb4,True,79200,7200,3,0.0,0,7200.0,3,1-9,2400.0
De Beers,ec6367b3251a420f9561b076b90ae00c,True,29700,0,0,14700.0,7,14700.0,7,1-9,2100.0
ADP,ecb79435c84c415996152794fc3a3f5b,True,28800,28800,16,0.0,0,28800.0,16,10-24,1800.0
TranzactDigital,ecefe628bed14d0c85cedf15ed3c8f45,True,68405,44885,24,0.0,0,44885.0,24,10-24,1870.2083333333333
National Student Clearinghouse,ed8fcbd8ad6e41e68656247ebddbc179,True,28800,24000,10,0.0,0,24000.0,10,10-24,2400.0
Aunt Bertha,edebc9dae7df4e96a426195221f75b9f,True,17850,16800,8,0.0,0,16800.0,8,1-9,2100.0
Terminix,ee46c46063cc40e0a5b8ec48eee3c459,True,52579,10503,5,0.0,0,10503.0,5,1-9,2100.6
Papa John's,ee82df1ee7c949f699c373dced851ca1,True,65784,65755,32,0.0,0,65755.0,32,25-49,2054.84375
isasaucelabsadmin,ef39448e6de04737a7dba581fa209184,True,47520,23760,5,0.0,0,23760.0,5,1-9,4752.0
PwC Default Team,eff339df56cb4272855ed608275cc2cb,False,445500,558000,225,0.0,0,558000.0,225,100-249,2480.0
Discount Tire Co.,f0e8e4cd5c5a4cf2a757a9fddedd8eaf,True,20261,20261,10,0.0,0,20261.0,10,10-24,2026.1
EsteeLauderCompanies,f20b3c8afcae465d821cfb19cd020a09,True,69082,51082,35,0.0,0,51082.0,35,25-49,1459.4857142857143
Cox Automotive,f2b097711e144517a527098b0dd87348,True,90720,85938,60,0.0,0,85938.0,60,50-99,1432.3
Toyota Motor North America,f2d2fb264fc94b9dbc3da3c5af08dffc,True,69607,43200,30,0.0,0,43200.0,30,25-49,1440.0
SalesCloud - SalesforceIQ,f2d4345411e143e1adf7734e53567440,True,98480,98480,73,0.0,0,98480.0,73,50-99,1349.041095890411
Best Buy,f2e71bd044e84d5c96851560a8fe963d,True,522000,504000,240,0.0,0,504000.0,240,100-249,2100.0
Atlassian,f3a78361e97c4f3e999894b45a6544d0,True,55500,31500,15,0.0,0,31500.0,15,10-24,2100.0
Salesforce - TZ Ecosystems Teams,f4582b7c577a4280b63edb847a4fb2da,True,4047,4047,3,0.0,0,4047.0,3,1-9,1349.0
Zendesk,f4d8a0f6bd744dffbd99a5dbb9fbafdc,True,1219410,345096,800,0.0,0,345096.0,800,500+,431.37
Vodafone Ltd,f5e26c65de104517919fce52e78a40a1,True,11448,0,0,4103.91,4,4103.91,4,1-9,1025.9775
Flagstar,f5faf548a746498e8645a2ed30865c5b,True,27600,9600,5,0.0,0,9600.0,5,1-9,1920.0
Credit One Bank,f67666055e514b4d806aa42a3db4b767,True,100800,6300,49,0.0,0,6300.0,49,25-49,128.57142857142858
CGI Group,f7b630bf6d9c4a8a83508219b2df2df3,True,28416,28416,16,0.0,0,28416.0,16,10-24,1776.0
"Safelite Group, Inc.",f7c025cc58b442c3b875db14f8883ede,True,83430,83430,50,0.0,0,83430.0,50,50-99,1668.6
RBS,f7ef7515ab7742159911d4f4f7869a94,True,137376,0,0,119519.98999999999,82,119519.98999999999,82,50-99,1457.5608536585364
ReedGlobal,f7fc6497bfec4c5c8cdfdc2590609cfc,True,5664,0,0,5663.89,4,5663.89,4,1-9,1415.9725
McClatchy,f8ef4d52c29741b5909b058e5594db33,True,39012,39012,25,0.0,0,39012.0,25,25-49,1560.48
Amazon Chime,f92089fecc21453a97489ba30b6f3206,True,240600,175560,100,0.0,0,175560.0,100,100-249,1755.6
Navy Federal Credit Union,f97ecb76e27e43f1b42d89179f6fc938,True,22905,22905,15,0.0,0,22905.0,15,10-24,1527.0
Team Test Factory,f9ec116652c64a9193176f3b64d356e1,False,40385,0,0,42120.01,27,42120.01,27,25-49,1560.0003703703705
Gothaer Systems GmbH,fa246db4288047678d99b482f07a6221,True,15312,9060,5,0.0,1,9060.0,6,1-9,1510.0
"MGA Insurance Company, Inc.",face4f18b37249ffb7f7b39142484c4b,True,24000,24000,10,0.0,0,24000.0,10,10-24,2400.0
The Knights of Columbus,fb6045e6a671414e9784664a92703955,True,38069,17304,10,0.0,0,17304.0,10,10-24,1730.4
DisneyIAME,fb800ddcbe6c41759f1f4e5e4b9277f4,False,22680,27216,10,0.0,0,27216.0,10,10-24,2721.6
JUMBO Supermarkten B.V,fb84a4c481574ee190e2908ac9f9c61a,True,8891,0,0,6210.03,4,6210.03,4,1-9,1552.5075
C Hoare & co,fb868adc2f96411fa31e9f3f756d74d2,True,21204,0,0,7068.0,5,7068.0,5,1-9,1413.6
CSC Global,fbbdeb1342824d7faef406255987d978,True,82752,82752,50,0.0,0,82752.0,50,50-99,1655.04
Virgin Media,fbf157be21a24ceb87b793ac19886b31,True,27773,0,0,27772.8,20,27772.8,20,10-24,1388.6399999999999
LightspeedHQ,fc0b8b9a6ed445a5bf85fc7a5c4960f1,True,24480,20880,10,0.0,0,20880.0,10,10-24,2088.0
Nitro,fcd4367bfd7349ae93ed5b11057f4fdb,True,19104,0,0,19104.0,8,19104.0,8,1-9,2388.0
NavientAutomationUser,fcf5c33dc27549289ec80497bbe621eb,True,9000,9000,5,0.0,0,9000.0,5,1-9,1800.0
DoorDash,fd0216bc0172444994d7a7fd2aa2122b,True,208680,24000,10,0.0,0,24000.0,10,10-24,2400.0
mountainrudi,fd9f03eea02943aa96d8636755aeb279,True,54000,54000,50,0.0,0,54000.0,50,50-99,1080.0
Caterpillar,fda283ca4a074afd92c398ccf0bfd811,True,116687,18178,14,3635.28,2,21813.28,16,10-24,1363.33
Consumer Identity Services,fe871dee3f3943cfab94fbdbe71b88a2,True,211980,192780,85,0.0,0,192780.0,85,50-99,2268.0
Booz Allen,fe9822510bf64d1aaf2faad0656ecf8f,True,22990,22990,10,0.0,0,22990.0,10,10-24,2299.0
Tempus,fec2bcf0ce50434eb56a7648b2c6fca9,True,36000,36000,15,0.0,0,36000.0,15,10-24,2400.0
SVB,feeb59743b8a4dcab12e6735917936e3,True,11995,0,0,11995.2,6,11995.2,6,1-9,1999.2
Home Services,ff0282d3de90487588148c219408674c,True,15156,15156,12,0.0,0,15156.0,12,10-24,1263.0
"Hot Topic, Inc.",ff40e51fd2394a029abf9e856394c2a8,True,45000,45000,30,0.0,0,45000.0,30,25-49,1500.0
"Itron Networked Solutions, Inc.",ffb2c791abf64c6fb41f79434a484766,True,28800,28800,12,0.0,0,28800.0,12,10-24,2400.0
