org_name,org_uuid,arr_ind,current_arr,current_vm_arr,vm_ccy,current_vm_arr_eu,vm_de_ccy,current_vm_arr_total,vm_ccy_total,ccy_bins,arr_per_vm,ccy_pc_perc,ccy_android_perc,ccy_mac_perc,ccy_ios_perc
happn,00eee57772ea4991ae4baafcbed0937a,TRUE,31403,0,0,27945.09,18,27945.09,18,2:10-24,1552.505,0.037133822,0.543256085,0,0.419610093
Costco EQA,012428bab86b448e81f0f6d5023a94a3,TRUE,790530,387600,190,0,0,387600,190,5:100-249,2040,0.136425962,0.183802751,0.672301272,0.007470014
Ingenico,01d4f01f9ebd44f09e3468594e731ee2,TRUE,9880,0,0,9879.6,4,9879.6,4,1:1-9,2469.9,0.5897168,0.039049422,0.307852402,0.063381377
iPipeline UK,01e29b3fa7e64501b9e2ed5bea5310c1,TRUE,9600,0,0,9600,8,9600,8,1:1-9,1200,0.773634333,0.007026284,0.159519551,0.059819832
sincro,020772bdda174bc895eaebf381ac3895,TRUE,79800,79800,50,0,0,79800,50,4:50-99,1596,0.889945252,0,0.106164381,0.003538813
Patelco,0243e340be9e4635ae45329b2a360c8d,TRUE,66893,23484,10,0,0,23484,10,2:10-24,2348.4,0.744505942,0.021311975,0.218569944,0.015612139
Fusion,036d25dd46cc49249c7a1bce1c8d7843,TRUE,29626,0,0,29626.2,17,29626.2,17,2:10-24,1742.717647,1,0,0,0
NYL,03af95db5f5046b4877b4dd2e0912587,TRUE,289800,100800,60,0,0,100800,60,4:50-99,1680,0.850027157,0.006422651,0.143550192,0
"BabyCenter, LLC",0404fedcc8e84bdfa5cad91505412ff1,TRUE,24720,24720,10,0,0,24720,10,2:10-24,2472,0.624097507,0.140756606,0,0.235145888
"Visa Technology and Operations, LLC",0419d1cc1bfb45d3a3f70c62f0587b7a,TRUE,178200,162000,50,16200,5,178200,55,4:50-99,3240,0.746827787,0.005507908,0.247664304,0
Best Western International,0440e6b8427347b99fac625272e153ae,TRUE,166327,147427,80,0,0,147427,80,4:50-99,1842.8375,0.974820682,0.003937683,0,0
Trakstar,04460817ba984c7f90e6a052a79b641b,TRUE,19053,9526,16,0,0,9526,16,2:10-24,595.375,0.945257767,0,0.054742233,0
Channel 4,050e4ea2cc6c46f1bb2c81af5275c3c6,TRUE,105599,0,0,63359.87,55,63359.87,55,4:50-99,1151.997636,0.965877321,7.44E-06,0.034115243,0
predictive-index,054f3371f0774b28b0b1e9ac22cbe060,TRUE,20880,20880,10,0,0,20880,10,2:10-24,2088,1,0,0,0
Cmed Technology,055386ca1e434d0db6b8b25508265861,TRUE,17880,0,0,17880,10,17880,10,2:10-24,1788,0.896117075,0,0.103882925,0
IBM Watson Health,069621c0a3b44cb1abe498f4d102bb65,TRUE,19800,19800,10,0,0,19800,10,2:10-24,1980,0.204183564,0.258893992,0.226700587,0.310221856
Ikano Bank AB,071b1281c4b945e09de9d94e8ef3dee8,TRUE,71484,0,0,11631.26,12,11631.26,12,2:10-24,969.2716667,0.973548687,0.006130378,0.012192561,0.008128374
Cisco Live Streaming,077055e9e7e849ccae487808c5c595f7,TRUE,41872,18269,10,0,0,18269,10,2:10-24,1826.9,0,0,0,0
Adevinta,0770f2b36ab84bad9515221e1d73a20e,TRUE,19200,0,0,19200,11,19200,11,2:10-24,1745.454545,0.953521795,0.000735211,0.04002512,0.005717874
Unqork,0786abc86d834cc29e79d0dc6f00f7f1,TRUE,884550,180000,150,0,0,180000,150,5:100-249,1200,0.215422278,0.004771534,0.779806189,0
Splunk,08365d885ffb43ee9964c09fd1e77c0c,TRUE,185408,162000,100,0,0,162000,100,5:100-249,1620,0.678703845,0.302155675,0.019140484,0
Careerbuilder.com,0869236fc47447d3a07c4f4f714f47df,FALSE,24000,271920,10,0,0,271920,10,2:10-24,27192,0.995962835,0.000942806,0,0
Yell,087426ea9b9d4b07aa5147bf8d6f2f1e,TRUE,62027,0,0,29999.38,40,29999.38,40,3:25-49,749.9845,0.030434457,0.183193774,0,0.786371769
The Home Depot,08a9b5e301b349f8b05c183adabc4a85,TRUE,378900,348588,300,0,0,348588,300,6:250-499,1161.96,0.609017706,0.083916846,0.095296173,0.211769274
Deloitte Application Studios,091ec930d29d4a5d8080c758190332a1,TRUE,156600,31200,20,0,0,31200,20,2:10-24,1560,0.01050233,0.011941216,0.903177159,0.074379295
Leaf Group,09710957fe2944f897d60646e41e10da,FALSE,23760,100829,20,0,0,100829,20,2:10-24,5041.45,0.063288434,0.080780493,0.730672888,0.125258209
Bank of the West,09737c75995c45a69dbad635b5987126,TRUE,130080,107400,50,0,0,107400,50,4:50-99,2148,0.676052815,0.012433847,0.286592269,0.024921067
Happy Money,097f96c200264da0a7babd5d055533a8,TRUE,65196,41100,32,0,0,41100,32,3:25-49,1284.375,0.049892305,0.000829687,0.949278008,0
Mulesoft,0a252d1b6f3b42c38c1c265054adb745,TRUE,89486,89486,58,0,0,89486,58,4:50-99,1542.862069,0.165566265,0,0.834433735,0
Tapestry,0a354d0843e146a39c692240ba3a31c9,TRUE,141660,35760,50,0,0,35760,50,4:50-99,715.2,0.902352512,0.001999339,0.03825926,0.057388889
AAMC,0acc1fb367324413bd4d2a2e431e6f01,TRUE,64926,64926,30,0,0,64926,30,3:25-49,2164.2,0.819856877,0.011781515,0.157137501,0.011224107
hseffler,0b2f3e83fad245c980bac55985c6198f,TRUE,35410,0,0,31809.61,20,31809.61,20,2:10-24,1590.4805,0.199942444,0.21232295,0.208155978,0.379578549
Adobe_PlatfromEngineering,0b84d5c256ee4d7dbf6beae4bda8d58c,TRUE,302772,140112,190,0,0,140112,190,5:100-249,737.4315789,0.800775394,0.003562379,0.195662226,0
"Buzzfeed, Inc.",0bee6427dc56464eaf6dbe5ceed33a7c,TRUE,16441,16441,10,0,0,16441,10,2:10-24,1644.1,0.534026527,0.00040903,0.465564442,0
Quest,0c2c415182894a6bbdcc30bfebd01f9a,FALSE,27000,48000,10,0,0,48000,10,2:10-24,4800,1,0,0,0
plusgradeteam,0ce651962cb040ecad8f83dd413f174b,TRUE,19200,19200,10,0,0,19200,10,2:10-24,1920,0.001257568,0.202167701,0.72332648,0.073248251
GM Financial,0ceb55ad64384c6f85dec96ccc66ead1,TRUE,92035,22500,15,0,0,22500,15,2:10-24,1500,0.180037614,0.008017794,0.811944592,0
Kimble Applications Limited,0d209c5172d74b10a005ccec88faeb9c,FALSE,16083,216,0,16083.38,8,16299.38,8,1:1-9,2037.4225,0.943022668,0.020945616,0,0.036031717
ASG,0d9552aaf47147be94bdeb17ea3ce945,TRUE,33600,9600,4,0,0,9600,4,1:1-9,2400,0,0,0,0
TWDC,0e8889f4694e4c0aa4c0c9756b7fdbb6,TRUE,59856,49776,30,0,0,49776,30,3:25-49,1659.2,0.381863693,0.436231132,0,0.181905161
PCAP,0eac6c441d194242962b5a43a11702a3,TRUE,71930,41952,26,0,0,41952,26,3:25-49,1613.538462,0.131085496,0.002680184,0.866234321,0
SIE,0ebaf5ac9ec549e0a3c05e0527bc57aa,TRUE,355200,342000,280,0,0,342000,280,6:250-499,1221.428571,0.332007383,0.186793564,0.245507212,0.235686924
Global Payments,0ec27265b6ad4636abab2cc2479a2caf,TRUE,115452,70452,30,0,0,70452,30,3:25-49,2348.4,0.993537875,0.00156923,0,0
BSH,0edf043733be42c0989c3de5286d5b02,TRUE,66000,0,0,52500.01,25,52500.01,25,3:25-49,2100.0004,0.850908892,0.018091256,0.130990682,0
Rabobank,0ee0ea717fc94087842af417397f62b9,TRUE,358515,0,0,256515.29,208,256515.29,208,5:100-249,1233.246587,0.972832037,0.026665864,0,0
HP Inc - Software Platforms,0fd4a3bc1cf14b1e8ed760d4fefaf93e,TRUE,18946,14146,10,0,0,14146,10,2:10-24,1414.6,0.804882085,0.012878455,0.169222355,0.013017104
ProgLeasingMaster,10b4c98395d645e5b23b8f9c3b49b9af,FALSE,192708,198000,101,0,0,198000,101,5:100-249,1960.39604,0.615633681,0.012144763,0.372221556,0
Iron Mountain,112664032c0f41d68762f5455f5b03ef,TRUE,32640,14640,10,0,0,14640,10,2:10-24,1464,1,0,0,0
Delta Dental of California,113a23a353fa4f60ad4b187c2a03af75,TRUE,138960,138960,60,0,0,138960,60,4:50-99,2316,0.995640528,2.79E-05,0,0
Otto,1184709f2d644c049c44074c9b0835c1,TRUE,49192,0,0,41904.52,30,41904.52,30,3:25-49,1396.817333,0.943080097,0.034558983,0.02236092,0
DocuSign,120b913f28dc4f94b92bb8a577470d76,TRUE,114720,51584,45,0,0,51584,45,3:25-49,1146.311111,0.911751403,0.037522312,0.050726288,0
Torrid,123e181cfb2847f6b96bf2930db1a096,TRUE,67308,34800,29,0,0,34800,29,3:25-49,1200,0.481690951,0.068915667,0.019538843,0.429854541
EUROPCAR INTERNATIONAL SASU,12736e8d3f154f42914328d15556c53b,TRUE,68999,0,0,17999.96,10,17999.96,10,2:10-24,1799.996,0.897298051,0.01898125,0.078139319,0.00558138
Credit Karma1,12b04ce562b54d849c295a7f341dfc7d,TRUE,68102,26851,15,0,0,26851,15,2:10-24,1790.066667,0.039242273,0.289711444,0.104850981,0.566195296
Home Depot,1392935393f64cef9422cc4eedc96b7c,TRUE,126300,126300,100,0,0,126300,100,5:100-249,1263,0.990989472,0.001139404,0,0
BITMARCK Technik Test Services,142af8be95bc4b3d97757fffb0b5156a,TRUE,21843,0,0,6393.5,3,6393.5,3,1:1-9,2131.166667,0.304680017,0.002916848,0.692403135,0
"LogRhythm, Inc.",14494817eb9e4394a51a771f086db2f6,TRUE,26052,20880,18,0,0,20880,18,2:10-24,1160,1,0,0,0
"The Goldman Sachs Group, Inc.",144de9f6b0ee43bab31e0bf59f151301,TRUE,245700,207900,110,0,0,207900,110,5:100-249,1890,0.466458905,0.053906051,0.274077167,0.205557875
HeartFlow,14552fa8adb14658b4253ae4572d3309,TRUE,38664,38664,18,0,0,38664,18,2:10-24,2148,0.743085185,0,0.256914815,0
Chipotle Mexican Grill,14cb5691a1e7469099bb55acdba2f29e,TRUE,79104,79104,45,0,0,79104,45,3:25-49,1757.866667,0.60026445,0.348529208,0.04389115,0.007315192
Adobe,153415504572466787b5d8bbbe07ac4d,FALSE,16248,16680,10,0,0,16680,10,2:10-24,1668,0.720434584,0.021379482,0.129092967,0.129092967
Freedom Mobile,1577ed6998214f5d86577cff465b5be6,TRUE,24000,24000,10,0,0,24000,10,2:10-24,2400,0.304329254,0.297671569,0.277673844,0.120325332
The Trainline,15bd34c5c39949f78d55858a40181449,TRUE,66000,0,0,49679.95,32,49679.95,32,3:25-49,1552.498438,0.990421477,0.000955923,0.0086226,0
ALDI International Services - IIT-CA - Cross-Cluster,15f3508fe9734d8e873fcfd1619bc861,TRUE,14832,0,0,5436,3,5436,3,1:1-9,1812,0.01752109,0,0.406885205,0.575593705
VolvoGroup,1603d60fbeb745c2be71aa58f34d4823,TRUE,38498,0,0,22743.6,10,22743.6,10,2:10-24,2274.36,0.304483348,0.396545329,0.252975735,0.045995588
DWS Engineering,16180a5f2e224ebd9207d4d29eccc677,TRUE,89639,0,0,32794.93,15,32794.93,15,2:10-24,2186.328667,0.432131405,0,0.567868595,0
idealo,1680d4398de042d89375ac01765e427c,FALSE,12067,365,0,12067.2,5,12432.2,5,1:1-9,2486.44,0.598592313,0.009093916,0.207695526,0.184618245
Deloitte,168766629ebb4b398a52aea37c2089a9,TRUE,24240,12480,8,0,0,12480,8,1:1-9,1560,0,0,0,0
ThomasArts,1703bbd01a7b4d5390bd12b989f9838d,TRUE,40800,12960,16,0,0,12960,16,2:10-24,810,0.428787183,0.107973131,0.394246541,0.068993145
ARD Online,1715d6fc3941411eb20cdee82ec7aaa7,TRUE,40391,0,0,18900,10,18900,10,2:10-24,1890,0.833439428,0.001333424,0,0
Hughes Network Systems,17553d2e51e84586807e4167b35e4f1e,TRUE,30030,10567,4,0,0,10567,4,1:1-9,2641.75,0.370667946,0,0.580921896,0.048410158
Accenture Internal,17bda53ff02f4a37b80cd6557067a41c,TRUE,117360,20160,21,0,0,20160,21,2:10-24,960,0.371609582,0.026125727,0.602264691,0
The Walt Disney Company,1836a1ca271645769ef31fbb88896bf8,TRUE,155546,155546,75,0,0,155546,75,4:50-99,2073.946667,0.819496207,0.100314184,0.048113769,0.032075846
The Cooperators,18d1e06c65d14eba828f4d57232cbe2f,FALSE,22002,22800,10,0,0,22800,10,2:10-24,2280,0.68464239,0.098012129,0.124197421,0.093148066
WellSky,195c9ec044254698925ac1175eab6800,TRUE,94122,50922,25,0,0,50922,25,3:25-49,2036.88,0.970892561,0.002918291,0.026189148,0
Medecision,1961a75ccbfd4b6aa852826aa810a41f,TRUE,38400,38400,16,0,0,38400,16,2:10-24,2400,0.820101474,0,0.179898526,0
RubyLife Inc,19bd4b9a4a284d408d01bb64f5d75230,TRUE,95520,35760,40,0,0,35760,40,3:25-49,894,0.645989661,0.036464966,0.102987689,0.214557685
"Age of Learning, Inc.",1a005195ce9f4bdfaf3261f8cf38a890,TRUE,353400,122400,60,0,0,122400,60,4:50-99,2040,0.607843253,0,0.392156747,0
ADP,1a38b82bc97640c092c4c97bf7f4685e,FALSE,32400,45000,15,5400,3,50400,18,2:10-24,2800,0.735371453,0.055814017,0.125288718,0.083525812
American Express,1acf2055de4e493d8ff9fa3bc105bbcd,TRUE,549297,473697,365,0,0,473697,365,6:250-499,1297.8,0.508151014,0.007723674,0.484125314,0
Performance Horizon,1aef98c12ed74ce38c0092a0bdc2eae5,TRUE,6528,0,0,6527.86,4,6527.86,4,1:1-9,1631.965,0.793176446,0,0.206823554,0
Core Digital Media,1af88e2eeb034d9697298e3b9c53348e,TRUE,177300,92298,90,0,0,92298,90,4:50-99,1025.533333,0.642104151,0.086190374,0.108682189,0.163023284
AdaptiveBiotech,1b90a4618bb9480bb81de63516080f06,TRUE,48000,24000,20,0,0,24000,20,2:10-24,1200,1,0,0,0
Oracle Data Cloud,1beb9a48e1c247c69b071aa83e297999,FALSE,126000,294000,60,0,0,294000,60,4:50-99,4900,0.143867606,0.245217105,0.49343158,0.117483709
DaVita,1c4422720dd644e286164644d7256b93,TRUE,109800,10500,8,0,0,10500,8,1:1-9,1312.5,0.598199847,0.004970889,0.380294711,0.016534553
Pearson,1d2d12ec67fa4228bb175e287199678d,TRUE,96563,96563,65,0,0,96563,65,4:50-99,1485.584615,0.820800464,0.045045794,0.050307649,0.083846082
FINRA,1da46466b886427f85aa9906f84ee0f9,TRUE,115200,115200,120,0,0,115200,120,5:100-249,960,0.831973266,0.000244726,0.167782008,0
IBM,1df28284e261421eab4b5a14e75a0533,TRUE,23175,20394,5,0,0,20394,5,1:1-9,4078.8,0.036345776,0.963654224,0,0
TIAA,1e718b865a434030a85009f40385ffc2,TRUE,267347,267347,206,0,0,267347,206,5:100-249,1297.800971,0.977478095,0.004071151,0.018450757,0
Roblox,1f2b3af12e4a4ed29b2946d288f7973a,TRUE,765000,765000,850,0,0,765000,850,7:500+,900,0.999822305,1.80E-05,0,0
Telstra,1f7ce0b6ce9f405cad8ed06910b1552b,TRUE,21600,21600,10,0,0,21600,10,2:10-24,2160,0.968680865,1.81E-05,0.031301017,0
Mark.Wilkinson99.dotmatics,1fabf08acc0d4a5cad4eb402f41d61f2,TRUE,21763,0,0,21762.67,19,21762.67,19,2:10-24,1145.403684,0.10654153,0.000610745,0.863086134,0.029761591
BBC Worldwide,1fe1ee5f9dea46c3b651e0ea0e1e80d2,TRUE,100769,0,0,23363.52,30,23363.52,30,3:25-49,778.784,0.36763049,0.01843379,0.59688195,0.01705377
swisscom,208a5df223fb424ca2a8a1456f748f6d,TRUE,140440,0,0,49965.96,25,49965.96,25,3:25-49,1998.6384,0.212605619,0.399962465,0.018020089,0.36941182
Tryg_Admin,209bcc82439f412980a74acc5d003fee,TRUE,59880,0,0,18720,15,18720,15,2:10-24,1248,0.146108343,0.149522506,0.337303536,0.367065613
EC Digit,226d191147224646ad4ea6ceb5a450ae,TRUE,50856,0,0,45714.24,16,45714.24,16,2:10-24,2857.14,0.995115262,0.000279327,0,0
Open Raven,22962c31c2554fe4a180cd52df1ea750,TRUE,36000,36000,15,0,0,36000,15,2:10-24,2400,0,0,1,0
Metro Bank,22bc1f65ffad4be19fbf3f01c1069ff5,TRUE,260680,94844,50,0,0,94844,50,4:50-99,1896.88,0.948499854,0.006290453,0.045209693,0
fiserv,234474654a654bc38bb38c3994af46ad,TRUE,23280,11400,5,0,0,11400,5,1:1-9,2280,0.087547472,0.269565217,0.486757535,0.156129775
IBM,2395c6862f334b569d37ccfb356524ab,TRUE,20394,20394,10,0,0,20394,10,2:10-24,2039.4,0.448621377,0,0.551378623,0
ZDF Digital Medienproduktion GmbH,23c5cada9dfd4ce9971345068588d22e,TRUE,78714,0,0,7226.16,4,7226.16,4,1:1-9,1806.54,0.742676203,0,0.110281627,0.14704217
LPL Financial,23fa3c6446f044ae85d49a50eda8c3b2,TRUE,409560,128400,1000,0,0,128400,1000,7:500+,128.4,0.976722713,0.000573323,0.022703964,0
Fiserv,24f024acb9aa4899954233d961f6fc69,TRUE,350460,171000,150,0,0,171000,150,5:100-249,1140,0.683907445,0.010848494,0.30524406,0
Chemical Abstracts Service,2500c24457d1406bab7347b1cedf4d37,TRUE,101970,101970,50,0,0,101970,50,4:50-99,2039.4,0.625217914,0,0.374782086,0
Disney - DPEP,263276e162384b76b55dae05ddd5ee10,TRUE,580390,539230,260,0,0,539230,260,6:250-499,2073.961538,0.290670272,0.284746613,0,0.424583111
Elementum,277c1ac620da4a289625c190303403e8,TRUE,24000,19200,8,0,0,19200,8,1:1-9,2400,0.0260308,0,0.9739692,0
Sherwin Williams,27bb5345e4ea46ec9fe2b9b90c71a1c5,TRUE,81236,20156,10,0,0,20156,10,2:10-24,2015.6,0.207743354,0.007275408,0.753581989,0.03139925
Liberty Mutual,27d58ce440664296ab801c58b0843d71,TRUE,240096,158904,150,0,0,158904,150,5:100-249,1059.36,0.903511616,0.004489956,0.08049863,0.011499804
Kabbage Inc.,280b987da6614d4cae6f0663c0a40d4a,TRUE,62383,44496,30,0,0,44496,30,3:25-49,1483.2,0.721133085,0.272244092,0,0
HP Inc - ePrint Center,284d390e9cf7446591c43d5c3c3a6673,TRUE,14861,14861,18,0,0,14861,18,2:10-24,825.6111111,0.492605355,0.120372608,0.173492636,0.213529398
Picnic Technologies B.V.,28b0a00096d7404fbb61bfdc713ef1a6,TRUE,10188,0,0,2400,2,2400,2,1:1-9,1200,0,1,0,0
Unilever U.K. Central Resources Limited,28d3a357a259436e8067fdf643b4168b,TRUE,3700,0,0,3699.96,2,3699.96,2,1:1-9,1849.98,1,0,0,0
Avon Cosmetics Limited,292e04a4b84146a38abc4460ef9fef91,TRUE,66001,0,0,26400.03,20,26400.03,20,2:10-24,1320.0015,0.884745818,0.065131366,0,0.050122818
BlaBlaCar,295edaed84d74bcc970f7d625c2f0068,TRUE,12760,0,0,12760.43,8,12760.43,8,1:1-9,1595.05375,0.034185096,0.473556775,0,0.492258129
Provation,296129f179d547c1a7ee2c4f35689cc4,TRUE,24720,24720,10,0,0,24720,10,2:10-24,2472,0.996537718,0.00099061,0,0
IAG GBS LIMITED,29f31bddae3d48108861f344779ab5f6,TRUE,44506,1,0,44505,25,44506,25,3:25-49,1780.24,0.682611224,0.157298331,0.006403618,0.153686828
Twilio,2a7a7a419ae44da185f2f0aa928103a3,FALSE,96000,118656,40,0,0,118656,40,3:25-49,2966.4,0.921421582,0.000820682,0.077757735,0
USAA,2a947e298f1d4ccab962e5133dbc4c67,TRUE,576960,576960,400,0,0,576960,400,6:250-499,1442.4,0.942524115,0.000801719,0.056674167,0
Bank of America,2b1b03b9710c4252bf70d412e1eeb754,TRUE,252000,192000,100,0,0,192000,100,5:100-249,1920,0.437488181,0.00766442,0.554847399,0
New Balance eCommerce QA,2b335960776e4d0ea60e08311f70e2d3,TRUE,65671,42271,20,0,0,42271,20,2:10-24,2113.55,0.987566846,0.007937258,0,0
Progressive Casualty Insurance Company,2bc83a6cdf4c47d69c26c2be17d536d9,TRUE,44160,44160,20,0,0,44160,20,2:10-24,2208,0.340683227,0.137573786,0.333027437,0.188715548
Wizards of the Coast,2bd6129f01cd4cffbddf09e2723cf2ec,TRUE,8376,3588,2,0,0,3588,2,1:1-9,1794,0.720190336,0.038622397,0.241187267,0
CTC,2be9ec8f8fb947d4999b0c4ad2cc4167,TRUE,172680,134780,100,0,0,134780,100,5:100-249,1347.8,0.966423685,0.00035682,0,0
Teckro,2bfc4fc1f7244117a6d792c9ace77ae6,TRUE,6624,0,0,6624,5,6624,5,1:1-9,1324.8,0.021870957,0.045283208,0.692111426,0.240734409
National Association of Insurance Commissioners,2c58321a85704993ab8a3d48c012ff79,FALSE,53400,141893,25,0,0,141893,25,3:25-49,5675.72,0.965380185,0,0.034619815,0
CNA Insurance,2d40db8f6687411783a421eacaf697cf,TRUE,28181,28181,12,0,0,28181,12,2:10-24,2348.416667,0.079902746,0.2631315,0.031788665,0.625177088
Grameen Foundation,2e1099901989402394ac3d7ec0a10f69,TRUE,279341,0,0,192942,135,192942,135,5:100-249,1429.2,0.524245977,0.142646999,0.19034686,0.142760145
myFICO,2e4d2d97dc02487ba2d39ddbfcf21f94,TRUE,112800,76416,120,0,0,76416,120,5:100-249,636.8,0.429274198,0.21051645,0.180104669,0.180104669
Dynamo,2eb32510441f430e96161acc6fb8c441,TRUE,768072,0,0,199920,245,199920,245,5:100-249,816,0.971474114,0.023843659,0,0
Teads,2ecf2dfcc9f64590a455d425a0e7032d,TRUE,85349,0,0,48090.04,40,48090.04,40,3:25-49,1202.251,0.256012424,0.729746406,0,0
Major League Baseball,2ef67e902afb4d3085d5c94e20d68979,TRUE,199200,145350,75,0,0,145350,75,4:50-99,1938,0.007039798,0.003829622,0.98913058,0
WGU,2f0e9d379c344d9288d8717129d239d5,TRUE,56880,20880,10,0,0,20880,10,2:10-24,2088,0,0,0,0
Novartis-OC,2f9e9dda503748faa498a820e2eaa8c4,TRUE,64078,0,0,36240.03,20,36240.03,20,2:10-24,1812.0015,0.391229526,0.004766458,0.510279255,0.093724761
Banque Nationale du Canada,2fa5142c26604385ab4cc0c2132d3f9b,TRUE,164400,117000,50,0,0,117000,50,4:50-99,2340,0.912545965,0.003473686,0.083980349,0
Siemens Smart Infrastructure,2fdd3b0544ea474ca8ad15a5844777dd,TRUE,9286,0,0,9285.71,5,9285.71,5,1:1-9,1857.142,0.992052387,0.007947613,0,0
Airkit (New),2fde4b544bfb4d15b39c8b63a9883a90,FALSE,50000,55757,52,0,0,55757,52,4:50-99,1072.25,0.404973652,0,0.595026348,0
Assurant Glow Automation,304cd73c78fc429b80ace7a6d841bd91,TRUE,240000,150000,100,0,0,150000,100,5:100-249,1500,0.999005284,0.00014758,0,0
PSEG,3197d899ff8948d4aa8f02101d32a563,TRUE,7200,7200,3,0,0,7200,3,1:1-9,2400,0.951535957,0.048464043,0,0
BH Photo,31aea71bba55428da3c0da938313e9b0,TRUE,59220,55620,30,0,0,55620,30,3:25-49,1854,0.897746659,0.08424962,0.018003721,0
ServiceNow,322617b74aef4d9f883a500ee5b575dd,TRUE,746988,380160,400,0,0,380160,400,6:250-499,950.4,0.0252223,0.48504081,0.010419934,0.479316955
CIBC,32632b99137d46459faa021b6fbd96a7,TRUE,91200,48000,20,0,0,48000,20,2:10-24,2400,0.851868161,0.00517237,0.126140708,0.016818761
National Mortgage Insurance,327633376a824f4ca724e1fe875b8d28,TRUE,45732,45732,20,0,0,45732,20,2:10-24,2286.6,0.959645439,0.009439152,0,0
ERB,32ba8339468340ba8ba5cd010429974b,TRUE,17520,0,0,5520,8,5520,8,1:1-9,690,0.579348336,0.028568917,0.392082747,0
PWC,32bebd726ced425a956d905383b143d6,TRUE,64296,0,0,37200,20,37200,20,2:10-24,1860,0.532376509,0.269596173,0.198027317,0
Liantis IT cvba,3305307534654d2eab9d86e073c574a1,TRUE,26071,0,0,19390.8,10,19390.8,10,2:10-24,1939.08,0.996952198,5.83E-05,0,0
Abercrombie & Fitch,33169c24d11143859e2a115b40ec3bb1,TRUE,162000,108000,150,0,0,108000,150,5:100-249,720,0.999971239,0,2.88E-05,0
Zoro,338f4d3fc10e45448be01529c2943400,TRUE,16884,16884,14,0,0,16884,14,2:10-24,1206,0.299935257,0.266189983,0.28924984,0.14462492
Staples - US Retail,357219fd0e1c4ca696964c4355f2eab8,TRUE,58776,19776,15,0,0,19776,15,2:10-24,1318.4,1,0,0,0
IBM iX Berlin,3576ac970e904e9e8b4f46943ae60518,TRUE,4800,0,0,1800,1,1800,1,1:1-9,1800,0,0.592493298,0.407506702,0
MorgenFund GmbH,3594ba98391f4dbea4fce865ad67dc75,TRUE,63000,0,0,12600.02,6,12600.02,6,1:1-9,2100.003333,1,0,0,0
Adesso Mobile,360a8150186b49bcbed1551480f9fa80,TRUE,58589,0,0,3669.6,2,3669.6,2,1:1-9,1834.8,0,0,0,0
Post CH AG IT,36dc0fb2ae49468b8fd244be6c515a0b,TRUE,29857,0,0,18285.73,10,18285.73,10,2:10-24,1828.573,0.939138767,0.017688599,0.038375675,0.004796959
MercadoLibre,37621b7008e84fe4bdc5de810ed88a9e,TRUE,57146,14074,10,0,0,14074,10,2:10-24,1407.4,0.581057409,0.092887817,0.20960664,0.116448133
Microsoft,380137df3bb34d89b232500d91799680,TRUE,93000,12000,10,0,0,12000,10,2:10-24,1200,0.431417584,0.047594617,0.520987799,0
felipebellato,380f232a2e404c52b04f1f2202455ced,TRUE,14304,14304,10,0,0,14304,10,2:10-24,1430.4,0,0.88591111,0,0.11408889
Northwestern Mutual,3825e5fe74c3475a8fd8119da50eff47,TRUE,393240,179046,250,0,0,179046,250,6:250-499,716.184,0.969471673,0.007231089,0,0.023297239
Footlocker,389c38e75deb48278a8c9ef384262067,TRUE,142443,42294,35,0,0,42294,35,3:25-49,1208.4,0.925055194,0.017290137,0,0
National Car Parks,38bd139b435e4bb4bf6f11e22113433d,TRUE,34696,0,0,11565.49,8,11565.49,8,1:1-9,1445.68625,0.210459812,0.001169241,0.788370947,0
"ChenMed, LLC",3af39c2f5cc24ac689a41e1be03ac418,TRUE,39798,9918,5,0,0,9918,5,1:1-9,1983.6,0.759670089,0.201728975,0.038600937,0
salesforce,3bf044288d5c4febba549cb7228e8822,TRUE,2169031,2064031,1530,0,0,2064031,1530,7:500+,1349.039869,0.084109678,0.084803104,0,0.831087223
KWRI,3c61e6cc007a471381e1a399619716aa,TRUE,28800,24000,10,0,0,24000,10,2:10-24,2400,0.142947842,0.783931538,0.07312062,0
Koho Financial,3cc8bca1178b4495897ac4c1e45bfe64,TRUE,16800,7200,4,0,0,7200,4,1:1-9,1800,0,0.297559153,0,0.702440847
NielsenIQ,3cd34d4a06e64b839c997e73392a5210,TRUE,29232,0,0,29232,14,29232,14,2:10-24,2088,0.999233973,0,0,0
blpsauce,3cef46c726e143a5907887fb479d7e49,TRUE,91460,60973,45,0,0,60973,45,3:25-49,1354.955556,0.992352783,0,0.007647217,0
Tandem Diabetes,3d13829739d546c89e0b5c4bfdfca71d,FALSE,22015,22464,10,0,0,22464,10,2:10-24,2246.4,0.432680434,0.002504844,0.338888833,0.225925889
Dealertrack,3d4e28cb6f0c4d21bd2a747d4058ef48,TRUE,136950,75750,75,0,0,75750,75,4:50-99,1010,0.9910976,0.001644866,0,0
TVN SA,3d87b7abd68749739a422161cc027fce,TRUE,20687,0,0,8160,4,8160,4,1:1-9,2040,0.935626951,0,0.064373049,0
Metrolinx,3e0e9115e77d4ffa9d47a325a8e5bfde,TRUE,61620,15000,10,0,0,15000,10,2:10-24,1500,0.264230159,0.226560333,0.313359697,0.195849811
Roku,3e35ec10504e467da3c023cc52946a2c,TRUE,19200,19200,10,0,0,19200,10,2:10-24,1920,1,0,0,0
AJ Digital,3fa4177629ac43a6b4bc0148ad4a27f1,TRUE,40800,12000,5,0,0,12000,5,1:1-9,2400,0.964732895,0.029320427,0.004625194,0.001321484
eMoney Advisor,3ff4af0e89694325abc4f44f335de730,TRUE,183600,22800,11,0,0,22800,11,2:10-24,2072.727273,0.561154901,0.001038086,0.427383037,0.010423977
Credit Union Australia,40144ad8647d4696b851b51911603bb3,TRUE,33120,3120,6,0,0,3120,6,1:1-9,520,0.170319407,0.003354905,0.706856913,0.119468774
Joyn GmbH,409e66c58afd4dd8b60ff0f97611d274,TRUE,16697,0,0,13887.88,8,13887.88,8,1:1-9,1735.985,0.601666873,0,0.398333127,0
BP - Salesforce,40e09fe9100b434eb8713c8f89ee0f33,TRUE,34009,0,0,34009.49,20,34009.49,20,2:10-24,1700.4745,0.999977116,2.22E-05,0,0
Netflix,411d0faf06bc4529a510e5ace569dc20,TRUE,45600,45600,20,0,0,45600,20,2:10-24,2280,0.68916307,0.015969993,0.282580812,0.012286122
Dynatrace,415fce77623945398dea95213d15c68d,TRUE,19776,0,0,19776,10,19776,10,2:10-24,1977.6,0.025659177,0.508773664,0.023875238,0.441691909
Somos,4185c966ba184d73835fdda57b37eda5,TRUE,31209,31209,25,0,0,31209,25,3:25-49,1248.36,0.998424895,0,0.001575105,0
0,41fef3b9914842948099d8c4e2f81a6f,TRUE,16718,16718,10,0,0,16718,10,2:10-24,1671.8,0,0,0,0
TechSmith Corporation,421288912f48470687ebe8dbe3ef80bf,TRUE,13596,13596,10,0,0,13596,10,2:10-24,1359.6,1,0,0,0
Tendable,42813bdad17c44a0ae3bebeabc2d60cc,TRUE,12864,0,0,1631.96,2,1631.96,2,1:1-9,815.98,0.868898845,0.05541146,0.075689696,0
WBDL,43c86c9a1eb445dcb5d6d3a145ce75f7,TRUE,48600,30600,15,0,0,30600,15,2:10-24,2040,0.48149086,0.177379723,0.341129417,0
Linxup,440ed3acbe16496c94aeaf1652a81e79,TRUE,11928,9600,4,0,0,9600,4,1:1-9,2400,0.481988348,0.11931296,0.398698692,0
"Chick-fil-A, Inc.",44a1b98e914f41f2bdee2ef888ae8f6f,TRUE,118661,35901,15,0,0,35901,15,2:10-24,2393.4,0.299891455,0.365528446,0.105656856,0.228923187
primericaRoot,45f797f9209d473c9ceb525578e711b7,TRUE,117883,63552,25,0,0,63552,25,3:25-49,2542.08,0.889499509,0.00821634,0.102284151,0
Fitbit,466b83a523c048f1b07c032cc9e1e368,TRUE,59835,59835,47,0,0,59835,47,3:25-49,1273.085106,0.996629096,0,0,0
RentPath,46949f6833044d9d8be45aaea8ff7cce,TRUE,121545,88250,60,0,0,88250,60,4:50-99,1470.833333,0.366043386,0.192800637,0.199231719,0.24192423
Wunderkind,4734713d5ed549c496bae4801185ee09,TRUE,44016,34920,17,4656,2,39576,19,2:10-24,2082.947368,0.327299556,0.01149206,0.637593799,0.023614585
Dyson,4765c045422f4f1dabc7618cf1723510,TRUE,95712,0,0,31823.19,20,31823.19,20,2:10-24,1591.1595,0.761959541,0.001471634,0.236568825,0
E.ON Digital Technology GmbH,47e80d8d2e094f7da396f35e6c2f1328,TRUE,35449,0,0,8628.72,4,8628.72,4,1:1-9,2157.18,0.175146641,0.018621358,0.177999273,0.628232728
CEFVM,47ed61dcb88948d885a9e8cca85a6634,TRUE,8862,8862,4,0,0,8862,4,1:1-9,2215.5,1,0,0,0
Viewpoint,493006db26194fd1bade42f1f9d9dfa0,TRUE,71340,30240,15,6480,3,36720,18,2:10-24,2040,0.34693789,0.607002074,0.02763602,0.018424013
"J.B. Hunt Transport, Inc",4940a9d0c3bf497c95260a6eaadf62b7,TRUE,157724,22200,10,0,0,22200,10,2:10-24,2220,0.370938578,0.628757235,0,0
Hyatt Corporation,495839285db74309a48234caa7bd529a,TRUE,88800,88800,50,0,0,88800,50,4:50-99,1776,0.704411336,0.107065845,0.037704564,0.150818255
Richemont,497582a76ff94aef87ac4a4b221dd995,TRUE,23655,0,0,23415.61,10,23415.61,10,2:10-24,2341.561,0.981826417,0.007645745,0,0
Fannie Mae,4979172e0ab841b18f71ca84d87c96c4,TRUE,548199,288000,250,0,0,288000,250,6:250-499,1152,0.993120471,0.003241806,0,0
Medtronic,49910be5b8d441b99e4a3bbe4bd7a3e3,TRUE,25040,16040,12,0,0,16040,12,2:10-24,1336.666667,0.838415294,0.161584706,0,0
"Paycor, Inc.",49a5f593097a4667ad85846f56f9a4e3,TRUE,34500,9300,8,0,0,9300,8,1:1-9,1162.5,0.964166689,0.000495354,0.035337957,0
Promofarma by DocMorris,49bab89d275a47cca811da030072aa2b,TRUE,13680,0,0,1680,1,1680,1,1:1-9,1680,0.709059706,0.044621082,0.043468096,0.202851116
Containerstore,49ea2bc753644226bde59d6a48ac5d14,TRUE,71400,51000,45,0,0,51000,45,3:25-49,1133.333333,0.875472805,0.01698722,0.087987251,0.019552723
Salesforce.com - WaveBuilder,4a1a379819fa44ea8ab55bda8019b61f,TRUE,21585,21585,40,0,0,21585,40,3:25-49,539.625,0.954634922,0,0.045365078,0
SG Sauce Labs,4a31560b432e4616bed0ec353e1cac6e,TRUE,26721,0,0,12146.25,7,12146.25,7,1:1-9,1735.178571,0.732995158,0.09661056,0.170394282,0
Coventry Building Society,4a741d2fe85f4167a1aaddf0636b0fa6,TRUE,45598,0,0,9119.98,5,9119.98,5,1:1-9,1823.996,0.280995997,0.070605182,0.56258133,0.085817491
AIB,4aa4d4b4260541a280a8a791dac81094,TRUE,108675,0,0,93997.18,45,93997.18,45,3:25-49,2088.826222,0.416361083,0.172043226,0.098425056,0.313170634
SP Digital,4adb2c3b800e452bb124a33f60b1bb48,TRUE,57600,24000,10,0,0,24000,10,2:10-24,2400,0.078578852,0.21176979,0.075266053,0.634385305
Thomson Reuters,4afaa881435b49638a2f5a86eeaab888,TRUE,12982,12982,10,0,0,12982,10,2:10-24,1298.2,0.412215762,0.17621172,0.388054061,0.023518428
Anthem,4b5648f178654b9a87426bbac6800975,TRUE,287700,47520,90,0,0,47520,90,4:50-99,528,0.989517776,0.001049354,0,0
Endava (UK) Limited,4c54fc9c91b64b27bfebf014faf2ea49,TRUE,69840,0,0,9360,12,9360,12,2:10-24,780,1,0,0,0
"Ipsy (Personalized Beauty Discovery, Inc.)",4d4e67689f1f44459268e94fae161683,TRUE,9834,9834,5,0,0,9834,5,1:1-9,1966.8,0.001653769,0.3326775,0.047547767,0.618120965
Value Stream Engineering,4d97e71424774a4b81fae77abb9d2fec,TRUE,31500,31500,25,0,0,31500,25,3:25-49,1260,0.00171124,0.339886434,0,0.658402326
SHDR,4f1a5c8fb90e41489b201e563ed89c89,TRUE,61920,61920,30,0,0,61920,30,3:25-49,2064,0.000947102,0.065820824,0.828374538,0.104857537
macys-parent,4f4f0da143ac4ebe9a6134ad079de51b,TRUE,206400,136320,80,0,0,136320,80,4:50-99,1704,0.528602217,0.016843845,0.413230852,0.041323085
Slack,4fbb068722624cc09d1eef6098431af2,TRUE,45600,45600,25,0,0,45600,25,3:25-49,1824,0.605552685,0.002018532,0.335000181,0.057428602
AGL Energy,50126e92ab9e4e9b81ef0b1c7eb2d739,TRUE,48000,24000,10,0,0,24000,10,2:10-24,2400,0.95444792,0,0.04555208,0
Salesforce Marketing Cloud,5041f14b66504e62b751bd368c5223a9,TRUE,205054,205054,155,0,0,205054,155,5:100-249,1322.929032,0.531361584,0,0.468638416,0
Sauce CSM,5056f041853f49cfbe29fc775d809533,TRUE,376283,306792,200,0,0,306792,200,5:100-249,1533.96,0.861489345,0.03034372,0.043266776,0.064900164
KDS,50a1e04ae2bc4f37b99545b7f317dd99,TRUE,12845,0,0,4939.81,2,4939.81,2,1:1-9,2469.905,0.095916533,0.006751945,0.897331522,0
Amadeus,50b1093eb19f44a1a834307bfe12353a,TRUE,79249,7199,5,65699.99,56,72898.99,61,4:50-99,1195.06541,0.964058002,0.002144993,0.033797006,0
Menlo Security,50b1d1b51eb44848ae072322cb0ce9d0,TRUE,259565,235968,270,0,0,235968,270,6:250-499,873.9555556,0.897462834,0.040145889,0.015597823,0.046793468
Domino's Pizza LLC,50c522e3e2da47eeb56e0de6b513b4a7,TRUE,93894,75115,50,0,0,75115,50,4:50-99,1502.3,0.436195432,0.16875065,0.014109068,0.380944849
Siemens Healthineers - teamplay & SHUI,514a000c142642b89aa598cefb177558,TRUE,29088,0,0,9360,7,9360,7,1:1-9,1337.142857,0.253395841,0.005153812,0.591271038,0.150164073
Family Search,52063e77facf4f8cb462f6c4092285c8,TRUE,80828,80828,125,0,0,80828,125,5:100-249,646.624,0.569809834,0.040817888,0.372443035,0.016929229
Status,52681fddcbcc444cb12f274a929e5672,TRUE,15168,0,0,15168,8,15168,8,1:1-9,1896,0,1,0,0
Sentry Insurance,528742b05edb4f76a58d7bdab18a7ff5,TRUE,49278,20952,15,0,0,20952,15,2:10-24,1396.8,0.922839876,0.019520508,0.040347731,0.017291885
"Quickbase, Inc.",52e5e04b25034ae6a52c06e114e4aa09,TRUE,206460,184140,150,0,0,184140,150,5:100-249,1227.6,0.873439324,0.001916235,0.124644442,0
integration test team,52f71057b0a7485b995c6808f517144f,TRUE,59736,41736,25,0,0,41736,25,3:25-49,1669.44,0.06155265,0,0.93844735,0
Miro,532165b2e77e44a5ae4400dddf2f92b8,FALSE,10728,10728,0,10728,6,21456,6,1:1-9,3576,0.008254827,5.15E-05,0,0.991693666
Vanco Automation,53a35907aeb5490abe800b9c7476b034,TRUE,38400,38400,16,0,0,38400,16,2:10-24,2400,0.993869954,0.00215629,0,0
IBM Cloud,53afa03423b1446e945fb9b3242fd23b,TRUE,129600,129600,60,0,0,129600,60,4:50-99,2160,0.001886243,0,0.998113757,0
American Airlines,547d6fb930254977bfbd6c49ee94ea3f,TRUE,171900,148800,80,0,0,148800,80,4:50-99,1860,0.863032338,0.080847266,0.018706399,0.037412798
First Citizens,55a421f682f94a158dd1697efff215f2,TRUE,20160,13440,8,0,0,13440,8,1:1-9,1680,0.078773176,0,0.921226824,0
AlaskaAir,55cc88fd03c34291a47f41b5bf121f27,TRUE,93598,24000,10,0,0,24000,10,2:10-24,2400,0.029747948,0.018623289,0.638287585,0.313341178
ElevateQA,55ffc76c38094b1eb012e768601b3ee8,TRUE,84660,55020,35,0,0,55020,35,3:25-49,1572,0.994213523,0.001209493,0,0
Gannett | USA Today Network,569b2b86649347a29fbb6288cedc272d,TRUE,23041,23041,10,0,0,23041,10,2:10-24,2304.1,0.42674893,0.176147953,0.371205087,0.025898029
Nederlandse Spoorwegen N.V.,56cbd76420ab4d3f91a6e68a2b17b9eb,TRUE,89163,1161,0,82459.32,64,83620.32,64,4:50-99,1306.5675,0.723037163,0.063934258,0.071009527,0.142019053
Cardinal Health - EPST,579110f99556441c83ee2d974e4745d2,TRUE,21600,21600,12,0,0,21600,12,2:10-24,1800,0.993898655,0.004938747,0,0
Gilead,57ead1e69ec442c79857bf603e8c1b64,TRUE,51636,9600,4,0,0,9600,4,1:1-9,2400,0.115248171,0.000294526,0.884457303,0
Salesforce Field Services,580549316f8e4d0ea574b73af5b060b9,TRUE,211781,26981,20,0,0,26981,20,2:10-24,1349.05,0,0.446148371,0,0.553851629
Hellenic Bank,5822865fec0843ba969d59f1d6481070,TRUE,15042,0,0,6471.48,3,6471.48,3,1:1-9,2157.16,0.226641776,0.008623035,0,0
MediaMarktSaturn Technology,58700088d8b140328d9c20faf8a2ac57,FALSE,14421,5,0,14416.81,5,14421.81,5,1:1-9,2884.362,0.748764618,0.004629688,0.215779982,0.030825712
CVP_ADMIN,58854b1b172340d9a53aad87afacd4ee,TRUE,138596,89600,60,0,0,89600,60,4:50-99,1493.333333,0.996329217,0.00019407,0,0
cloud-test,58f86f5f0908495fb8942149da16ac58,TRUE,15120,6480,3,0,0,6480,3,1:1-9,2160,0.887183634,0.001981759,0.110834607,0
salesforce.com,59bebe79f7b34f79b6efb6b58b21a894,TRUE,74198,74198,55,0,0,74198,55,4:50-99,1349.054545,0.761416383,0.001795649,0.236787968,0
ServiceChannel,59f7910731fe4e46a6ad423584320f2b,TRUE,118596,118596,76,0,0,118596,76,4:50-99,1560.473684,0.565531487,0.154459391,0.01750057,0.26250855
emirates,5a2079b92ba04aec911a40fe657558c1,TRUE,229913,0,0,126713.16,110,126713.16,110,5:100-249,1151.937818,0.21722333,0.186301711,0.585822718,0.010651322
Move Sales,5a295c52951c45ed968b35318d3ae874,TRUE,360000,172800,100,0,0,172800,100,5:100-249,1728,0.119903419,0.254583331,0.517090942,0.108422294
New Relic Engineering,5a738cee3f19436f866c46d6a97657b3,TRUE,190500,183000,125,0,0,183000,125,5:100-249,1464,0.690428647,0.013325768,0.273457463,0.022788122
Benjamin Moore,5ac8254d7e694a46ad7d66d05f280498,TRUE,24000,24000,10,0,0,24000,10,2:10-24,2400,0.917031459,0.036326818,0.023320861,0.023320861
Smiles,5acebf127280496cadb6fca53bf5f253,TRUE,83040,14400,6,0,0,14400,6,1:1-9,2400,0.16705649,0.458943576,0.119361681,0.254638253
eToro,5b5f26a5c70f46e39c662e73e9fb4411,TRUE,105000,0,0,4200,5,4200,5,1:1-9,840,0.063002874,0.112795801,0.686834437,0.137366887
American Greetings,5c2abd3646494f5782f94c6bf9d0bd12,TRUE,24000,24000,10,0,0,24000,10,2:10-24,2400,0.477567739,0.000109662,0.522322598,0
Kiva,5cae0895b4164d598ef0f85dac45ff31,TRUE,22680,22680,10,0,0,22680,10,2:10-24,2268,3.85E-05,0,0.999961456,0
IHG,5cb3a298619e451c8420912b7b11f476,TRUE,51960,20880,10,0,0,20880,10,2:10-24,2088,0.01309583,0.002868157,0,0.984036013
Adobe Systems,5d30efae8ea9420b9432d65fd86832db,TRUE,7188,7188,8,0,0,7188,8,1:1-9,898.5,0,0,0,0
Transics International BV,5daf68c1e9af4af191cd916611e25e41,TRUE,18488,0,0,15807.34,8,15807.34,8,1:1-9,1975.9175,0.182378622,0.327459744,0.482620686,0.007540948
Wellframe,5dc38ee758294c99a3304d3969d93032,TRUE,83400,57240,55,0,0,57240,55,4:50-99,1040.727273,0,0.32891111,0,0.67108889
UncommonGoods,5e58eb357a2248b5bad8c9269677156d,TRUE,16692,14304,8,0,0,14304,8,1:1-9,1788,0.663573051,0.06900323,0.073772061,0.193651659
Salesforce - Krux,5ec52218349244bb945afd3500625e91,TRUE,24436,20236,15,0,0,20236,15,2:10-24,1349.066667,0,0,0,0
Roller,5ee4f1fccf024ff9b156b556d1f7d7a7,TRUE,79260,0,0,56700.03,35,56700.03,35,3:25-49,1620.000857,0.693501272,0,0.306498728,0
ASOS.com Limited,5f0879a492a34a65bed03ff80669534e,TRUE,93720,0,0,86520.01,80,86520.01,80,4:50-99,1081.500125,0.843926251,0.012339057,0.047911565,0.095823131
Groupon,5f1df2a0ffda4b2697b6f266c5d12d37,FALSE,199519,204000,100,0,0,204000,100,5:100-249,2040,0.504163129,0.000468046,0.495364492,0
98point6,60377fcb05874673a69caf831db4c445,TRUE,95760,30240,42,0,0,30240,42,3:25-49,720,0.00718352,0.647167289,0,0.345649191
Rogers,603b69a8657b48e797967bbff87e7e51,TRUE,252108,48600,66,0,0,48600,66,4:50-99,736.3636364,0.636557068,0.158146491,0.114053565,0.091242852
lululemon,606bd4e780834607806daef9420647a3,TRUE,117264,86184,42,0,0,86184,42,3:25-49,2052,0.570201693,0.001894711,0.427903596,0
IBM,6079e2c15d5c4a5b92397fec1827476c,TRUE,20056,20056,10,0,0,20056,10,2:10-24,2005.6,0,0.078452727,0,0.921547273
Plexus,61452b672b4a4843a818ea127372f532,TRUE,23760,14400,20,0,0,14400,20,2:10-24,720,0.171242778,0.058082956,0.609637852,0.161036414
T-Mobile,61d0019dee834e6abd9003623a3eb3be,TRUE,239735,103308,75,0,0,103308,75,4:50-99,1377.44,0.235351032,0.204629036,0.010980783,0.54903915
Citrix,61f995005f3b41968652be49b7595d53,TRUE,30379,23731,12,0,0,23731,12,2:10-24,1977.583333,0.007348167,0.000387988,0.992263845,0
GoPro,624a501ffde74038a9c329e359a00f19,TRUE,128400,67200,80,0,0,67200,80,4:50-99,840,0.951294877,2.05E-05,0.048684611,0
Accenture,6253b23d7cc44ae49108c1f3cbbc37a3,TRUE,20400,20400,10,0,0,20400,10,2:10-24,2040,1,0,0,0
Applause,6262157912374b2b83414798a353032e,TRUE,156600,36000,30,0,0,36000,30,3:25-49,1200,0.744439212,0.022058999,0.233501788,0
"Kyruus, Inc.",628c26c0368e47e3ac0b70429f348c37,TRUE,6675,6675,5,0,0,6675,5,1:1-9,1335,0.762538169,0.018070021,0.206228301,0.013163509
FressnapfTest,62f53128f4d647a89e8f461ae4528baa,TRUE,18539,0,0,8940.05,5,8940.05,5,1:1-9,1788.01,0.911171129,0.010642357,0.060811732,0.017374781
NextGear,62ffa50b71954c0fac699c224d63720f,TRUE,56902,56902,30,0,0,56902,30,3:25-49,1896.733333,0.85812251,0.128647344,0,0
Qurate,63692684cb34455796c64161bae00103,TRUE,160992,18720,10,0,0,18720,10,2:10-24,1872,0.760367862,0.005738713,0.233893425,0
Salesforce Marketing Cloud,639bba49f09c4ffa946b4ac62588f10c,TRUE,40472,40472,30,0,0,40472,30,3:25-49,1349.066667,0.999954269,0,0,0
FarmersQA,63b4805455584b4bb152369e0fe360b8,TRUE,94680,50400,21,0,0,50400,21,2:10-24,2400,0.46973642,0.002692634,0.527570947,0
1&1 Mail & Media,6402150cf131474e95c0c139597cbb1a,TRUE,51065,0,0,51065.29,40,51065.29,40,3:25-49,1276.63225,0.654924312,0.341482525,0,0
New Work SE,640d80bb0a8f477cbb14088f95cc1f75,TRUE,110764,0,0,98952,65,98952,65,4:50-99,1522.338462,0.888238468,0.00069041,0.044428449,0.066642674
Simplyhealth,65494a5f29e64fac8ebd2c2718d9033a,TRUE,24104,0,0,8662.48,4,8662.48,4,1:1-9,2165.62,0.233187789,0.003396029,0.763416182,0
Herbalife Nutrition Ltd,656e3a7d13d04d219bc36ef5b2839c4a,TRUE,372530,178800,150,0,0,178800,150,5:100-249,1192,0.83547498,0.012002974,0.152522045,0
Virtru,65b9a4e481c849c592f676bb374e1f2d,TRUE,76500,76500,50,0,0,76500,50,4:50-99,1530,0.001089236,0.040604899,0.848499984,0.10980588
Vanguard Saucelabs Users,66f2102074f248c0b850970662fdf7c6,FALSE,274776,315000,150,0,0,315000,150,5:100-249,2100,0.845867533,0.064704876,0.059618394,0.029809197
AS Adventure Group,671d56de9f784bec8e0024128806f822,TRUE,22149,0,0,12072.26,6,12072.26,6,1:1-9,2012.043333,0.091353944,0.170467018,0.467859953,0.270319084
Gigaclear,674f1d62470d4857ae930d51ab42fa1f,TRUE,16248,0,0,1631.96,2,1631.96,2,1:1-9,815.98,0.471113445,0.084558824,0.097535356,0.346792375
OutSystems,683bf78d0102401392ed8217cfd1c181,TRUE,111200,0,0,30742.91,16,30742.91,16,2:10-24,1921.431875,0.734245849,0.030703305,0.235050844,0
parsable,693f5dd5d91b468185c3683d7ec92aa7,TRUE,66549,66549,40,0,0,66549,40,3:25-49,1663.725,0.358972187,0.117622913,0,0.5234049
Mallgroup,694f846ea4cd4621bd5ddc7b274a954c,TRUE,17143,0,0,17142.86,10,17142.86,10,2:10-24,1714.286,0.047392021,0.013853139,0.479808028,0.45894681
American First Finance,69d49a1d74bc4bd4b6e28785df803ad3,TRUE,36000,36000,15,0,0,36000,15,2:10-24,2400,1,0,0,0
Emeis Cosmetics Pty Ltd.,69e5db3e91a64de4b5820a10ba3c9eeb,TRUE,28800,4800,2,0,0,4800,2,1:1-9,2400,0.875075751,0.002328342,0.117023366,0.005572541
PennyMac - User Portal,6a1a02be6cbe43738e65766d2e171c7f,TRUE,122436,116220,65,0,0,116220,65,4:50-99,1788,0.99946497,3.53E-06,0,0
Providence Health & Services,6a33145c10df4ba9b6686742af6fbf58,TRUE,45900,31500,15,0,0,31500,15,2:10-24,2100,0.247651496,0.255191161,0.095942645,0.401214698
lilly,6addfd0bba764f42ade7d84e317097e9,TRUE,112200,60000,25,0,0,60000,25,3:25-49,2400,0.861563328,0.002871064,0.107025479,0.028540128
"Plex Systems, Inc.",6aed39760fdf4a3083105a04242489de,TRUE,45684,35160,20,0,0,35160,20,2:10-24,1758,0.690909071,0.309074112,0,0
GetWellNetwork,6bb483d097954b28a9352c430dc155ae,TRUE,34200,11400,5,0,0,11400,5,1:1-9,2280,0.66876714,0.037917401,0.237445848,0.055869611
Kaiser Permanente,6c0f594587ad4b9d8bdafce85c34ad9f,FALSE,92664,104708,40,0,0,104708,40,3:25-49,2617.7,0.718046839,1.24E-05,0.281940753,0
EBSCO Information Services,6d182312f5e34dc9a4dd2cc8bfd458e8,TRUE,96000,96000,40,0,0,96000,40,3:25-49,2400,0.870809548,0.003584303,0.011418741,0.114187407
Blue Yonder,6d3a68433bf0488d930efb9a4759253e,TRUE,51574,29754,26,0,0,29754,26,3:25-49,1144.384615,0.609860672,0.373323625,0.016815703,0
Life360,6d3c474f5c294c3a980d189310050fdd,TRUE,150000,89066,95,0,0,89066,95,4:50-99,937.5368421,0.019750637,0.413168004,0.030379358,0.536702
Meijer,6d48bab7cb3443ca80a23377a476f8dc,TRUE,96000,72000,30,0,0,72000,30,3:25-49,2400,0.02131776,0.949581091,0.029101149,0
Sirius XM - care.sirusxm.com,6d974ef3cb184c39a67248921859644f,TRUE,68640,44640,20,0,0,44640,20,2:10-24,2232,0.471776721,0.00062699,0.515605464,0.011990825
Schwab,6e628f9ca34d4d3a81fda1b9efb1075b,TRUE,1281866,1129968,529,0,0,1129968,529,7:500+,2136.045369,0.897176543,0.030441113,0.031021012,0.04136135
Fanatics,6eb144c269894a45849945fbe6c8f121,TRUE,113700,105300,65,0,0,105300,65,4:50-99,1620,0.027094828,0.059196087,0.80446126,0.109247825
ARIAT,6f35dfb293974d198f0bef695c367fee,TRUE,25584,25584,13,0,0,25584,13,2:10-24,1968,0.811116203,0.104273011,0.00769189,0.076918896
PharmaConnect,6f86d05dc90f48c6adb220a9a98d184c,TRUE,18000,18000,10,0,0,18000,10,2:10-24,1800,0.996995141,0.000924505,0,0
"Okta, Inc.",6fa21c1f57fe46c4a900b501d539073d,TRUE,67320,67320,30,0,0,67320,30,3:25-49,2244,0.83185024,0.000193903,0.167955858,0
LEGO,6fab798fb57a47b6ad215cddae867560,TRUE,91260,0,0,38160,20,38160,20,2:10-24,1908,0.411255644,0.000420928,0.588323428,0
Metro,6fb3b4dd137f4086bad68f09f57de4ce,TRUE,168481,0,0,147053.38,75,147053.38,75,4:50-99,1960.711733,0.965870922,0.00103306,0.0330925,0
GCHQ,70bed9c053c64ac2829c6b20eea1a879,TRUE,7200,0,0,7200.04,3,7200.04,3,1:1-9,2400.013333,0.721819414,0,0.278180586,0
California Coast Credit Union,70d1e1dff0d049ea92722c0111f54ee3,TRUE,20160,12960,6,0,0,12960,6,1:1-9,2160,0.998512575,0.000566917,0.000920509,0
Boston Scientific,713875bf779d4752a661e1e51c589a99,TRUE,35340,0,0,19440,9,19440,9,1:1-9,2160,0.207214196,0.159216523,0.080453242,0.553116039
Squarespace,71e00a9fc7c04a6394eedf45a2e5067a,TRUE,51768,46968,20,0,0,46968,20,2:10-24,2348.4,0.637272297,5.42E-05,0.362673537,0
Resideo,7363ad723e10457d9aa7fa3eb16dc1ea,TRUE,77126,77126,40,0,0,77126,40,3:25-49,1928.15,0.668533587,0.102379149,0.034363087,0.194724157
Twitter,738477b236cf46f48f092da946beabb6,TRUE,1046400,856800,1000,0,0,856800,1000,7:500+,856.8,0.544285013,0.130299852,0,0.325408722
H-E-B Grocery,740e7b409834424eb29f62999b33d12e,TRUE,386400,156000,100,0,0,156000,100,5:100-249,1560,0.712375236,0.005356245,0.282268519,0
Charter - real devices,7491dd130f0341b08fad5d6d42a2598a,TRUE,21351,9089,5,0,0,9089,5,1:1-9,1817.8,0,0,0,0
Maplesoft,74b3bccb4e91417eb7b104a82874f08f,TRUE,17426,17426,10,0,0,17426,10,2:10-24,1742.6,0.586910642,0,0.413089358,0
Lloyds Banking Group,74f4793c698340a6bde381b03f5fbf35,TRUE,137086,1,0,137085,65,137086,65,4:50-99,2109.015385,0.764305652,0.034701934,0.100496206,0.100496206
Charter - Digital Marketing,752dfd34487a4c27a22f35295f42147c,TRUE,76858,25334,20,0,0,25334,20,2:10-24,1266.7,0.635673225,0.136088143,0,0.228238632
Domuso,7539a206121c41fda45195bcf733aa6a,TRUE,42792,34944,32,0,0,34944,32,3:25-49,1092,0.722167825,0.277066795,0,0
ARMS Business Solutions,754e668ef5a54391acaec799861683bd,TRUE,12000,12000,5,0,0,12000,5,1:1-9,2400,0.034171114,0.958579864,0,0.007249022
MSG,755a5a28e9c74df88959a337fdbc46d0,TRUE,46800,39600,20,0,0,39600,20,2:10-24,1980,0.11183668,0.001046584,0.84091274,0.046203997
SquareRootSoftReg,75cc7040b607412a805c566b75d0a2d8,TRUE,22752,3285,2,0,0,3285,2,1:1-9,1642.5,0.999801382,0,0,0
iqvia,75d034a6c18b4e9c9a605ea67326326b,TRUE,84187,4176,4,0,0,4176,4,1:1-9,1044,0.006328906,0.962833794,0,0.030837299
"Nasdaq, Inc",75e8a1d6580346789dd2f885397e2a7f,TRUE,146856,41760,68,0,0,41760,68,4:50-99,614.1176471,0.999961978,0,0,0
Vanguard Charitable,75f05ef5439f40b1b8610c427989fcd5,TRUE,20580,12480,8,0,0,12480,8,1:1-9,1560,0.530490905,0.00118126,0.400030025,0.068297809
BP - Navitas,769e62b3a2af492f8a831e62e3a98dd6,TRUE,64420,1,0,33218.64,21,33219.64,21,2:10-24,1581.887619,0.723852771,0.101953267,0.017419394,0.156774548
Accenture - Caterpillar,776c800386a44592a8aa1f8abdd3498a,TRUE,46800,16800,10,0,0,16800,10,2:10-24,1680,0.010182893,0,0.125976723,0.863840385
The Washington Post,776d5859d5dc424e92414466529b0271,TRUE,112560,76560,55,0,0,76560,55,4:50-99,1392,0.696036302,0.102994698,0.200969001,0
Corteva,7787526cdf6a48068191eead6be12a12,TRUE,99600,48000,10,0,0,48000,10,2:10-24,4800,0.003009918,0.405658667,0,0.591331415
NebulaPlatform,7823dc48f32445fb9c444816d003af8e,TRUE,37542,0,0,15016.88,8,15016.88,8,1:1-9,1877.11,0.992298085,0.001264868,0,0
Frankmout,7848e259d6a144a1933baa61bf43b2c8,TRUE,46726,0,0,4095,3,4095,3,1:1-9,1365,1,0,0,0
OptumTest,78d9e644185246b3af6734166bc71c72,TRUE,2615317,2222701,2000,0,0,2222701,2000,7:500+,1111.3505,0.93900973,0.025495767,0.007098901,0.028395603
saravana.nallasivan,793e71d4ef4345ca927002d368edf3c2,TRUE,10815,0,0,3611.81,2,3611.81,2,1:1-9,1805.905,0.655017966,0.175855665,0.150334547,0.018791818
Purpose Financial,795d273991c14ea19d714f2ed8a6e4bd,TRUE,57600,38160,25,0,0,38160,25,3:25-49,1526.4,0.401120067,0.070069826,0.372125631,0.156684476
RALLY,7aaf059ed3e64d4783a803d7a05643df,TRUE,99600,73920,50,0,0,73920,50,4:50-99,1478.4,0.076824593,0.209342251,0.381531513,0.332301641
Regions Bank,7b3b7f1d92344fde9fe703ac3744c065,TRUE,220500,220500,125,0,0,220500,125,5:100-249,1764,0.655267648,0.185222038,0.011393594,0.14811672
Spireon,7c21d67c80f74049950933371b2ead36,TRUE,29708,28800,12,0,0,28800,12,2:10-24,2400,0.998971723,0,0,0
Advisor Group,7c57e3ebb90045d3acb19d502ae3e57a,TRUE,28800,19200,8,0,0,19200,8,1:1-9,2400,0.98115462,0,0.01884538,0
LabCorp,7c93fc604f0d4a12867132509d49b6fc,TRUE,43920,43920,20,0,0,43920,20,2:10-24,2196,0.979277008,0.000601995,0,0.020120997
Godaddy,7d68c8b953c1419887e2636e52c7c7e5,TRUE,109620,78720,40,0,0,78720,40,3:25-49,1968,0.907338307,0,0.092661693,0
HUK-Coburg,7d7810a2419f4263b25af2afc63b831e,TRUE,81391,0,0,22857.14,20,22857.14,20,2:10-24,1142.857,0.985739171,0.001453406,0.012807423,0
Healthgrades,7df881e99ebe404ba87474e8db292824,TRUE,91200,45600,30,0,0,45600,30,3:25-49,1520,0.370240974,0.113011579,0.244775106,0.27197234
"Absa Bank, Ltd.",7e2e07e453a044a8ba696db78cc0f33e,TRUE,92880,0,0,17280,32,17280,32,3:25-49,540,0,0,0,0
"Fossil, Inc.",7e91180b29694e30988e75c226481118,TRUE,24000,24000,10,0,0,24000,10,2:10-24,2400,0,0.936601845,0,0.063398155
BP - Treasury,7fca3ed907974807a9d8a241daaeac91,TRUE,8502,0,0,8502.35,5,8502.35,5,1:1-9,1700.47,1,0,0,0
Indeed,8031bdfea42f403da521ddaac7bfe848,TRUE,324000,324000,300,0,0,324000,300,6:250-499,1080,0.426025404,0.287184493,0.065179568,0.221610531
epam,8102a00a42e0472cbb315deafe349cc5,TRUE,72000,33600,35,0,0,33600,35,3:25-49,960,0.245620284,0.004476186,0.740758365,0.009145165
camelot,81ce68fea39a4541bd2c1375a324a3e8,TRUE,199199,0,0,180000.01,100,180000.01,100,5:100-249,1800.0001,0.019611566,0.408298442,0.009227258,0.562862734
Disney Corp.,81e063fd405c4798ac4030d2780abd28,TRUE,62219,62219,30,0,0,62219,30,3:25-49,2073.966667,0.050441309,0.829218389,0.120340302,0
Abbott,82e4982d233f4d6cace94ae8c1f10511,TRUE,72720,62330,29,4449.6,2,66779.6,31,3:25-49,2154.180645,0.999940723,0,0,0
Regeneron,832409bbb4894f1384b759df77a6880b,TRUE,45360,10000,10,0,0,10000,10,2:10-24,1000,0.760811583,0.02321077,0.071992549,0.143985098
"Sumo Logic, Inc.",833f582fe444443c871641f82cd4099b,TRUE,150015,22915,25,0,0,22915,25,3:25-49,916.6,0.236959058,0,0.763040942,0
SYF Entreprise,835e6c8077b849e7b8befd65d3c0a666,TRUE,1086976,138600,132,0,0,138600,132,5:100-249,1050,0.744221444,0.013126869,0.242651687,0
Surescripts,83c7de7e8f4946f795645f5c7651cbf8,TRUE,43080,24000,20,0,0,24000,20,2:10-24,1200,0.984794784,8.41E-06,0.01519681,0
FinancialForce,8411acf6f777437ba49eed7521a2d35c,TRUE,24000,24000,10,0,0,24000,10,2:10-24,2400,0.00033326,0,0.99966674,0
Lampenwelt GmbH,84177ff45b5e44cabdd0a3bc9686083b,TRUE,12000,0,0,12000.11,5,12000.11,5,1:1-9,2400.022,0.763763487,0.097572571,0.086664964,0.051998978
COX Automotive,848b54ca4bbf493ea95b63c5c7c3527e,TRUE,130560,68750,80,0,0,68750,80,4:50-99,859.375,0.608708784,0.139550542,0.083913558,0.167827116
Cheetah Digital,848cac6b913e46e0a90f69c8d9256ea1,TRUE,39787,39787,31,0,0,39787,31,3:25-49,1283.451613,0.868441169,0.000231244,0.131327587,0
Allego,84aed1896daa47acba2953749378c49c,TRUE,21960,18000,11,0,0,18000,11,2:10-24,1636.363636,0.269875026,0.396264961,0.031299376,0.302560636
bkbsl,84df1e049f3249649159badb73720508,TRUE,11566,0,0,9060,5,9060,5,1:1-9,1812,0.769851529,0.065920253,0.087588383,0.076639835
GordonFoodService,85043652f3b34f0594fcbf09f201c233,TRUE,34618,34617,30,0,0,34617,30,3:25-49,1153.9,0.49483954,0.155733267,0.305748792,0.043678399
Abbott Laboratories,8519625cc1de4f73b859c25bc1263f54,TRUE,9425,2225,1,0,0,2225,1,1:1-9,2225,0.000354526,5.87E-05,0.999586736,0
Pearson Marketing Cloud (PMC),85f738890fbd4e6d8e2950fc4e6e8f2d,TRUE,44729,0,0,19529.98,15,19529.98,15,2:10-24,1301.998667,0.214461531,0.051424007,0.676910737,0.057203724
Imperial College,869b39c5fe9e4d5190fc97d1ae867965,TRUE,12360,0,0,8159.83,8,8159.83,8,1:1-9,1019.97875,0.080850155,0.321406602,0.278946847,0.318796396
Amway ID,86a59a4c863245bba3ec32a6e0e56171,FALSE,11433,22200,5,0,0,22200,5,1:1-9,4440,0,0,0,0
Ada Health,86f76ea9f6f1463996b02edd41ed1ded,TRUE,20160,0,0,5040,3,5040,3,1:1-9,1680,0.043310628,0.946814892,0,0.00987448
PepsiCo,8741ee65f60b4a93bd43e84eb2766fe0,TRUE,17676,5724,3,0,0,5724,3,1:1-9,1908,0,0,0,0
nautilusfrontend,875fbb4aa1e64f5584a339490d0582c3,TRUE,6389664,4727950,5500,0,0,4727950,5500,7:500+,859.6272727,0.51497942,0.209300035,0.033086465,0.242634079
PCIPAL,87a6ec0418ad40948889c18003619ffe,TRUE,3264,0,0,3263.94,2,3263.94,2,1:1-9,1631.97,0.47873811,0,0.464909253,0.056352637
Cargill,8810ae42199b43848f8ccbf17e21ff69,TRUE,43000,16800,10,0,0,16800,10,2:10-24,1680,0.013230141,0.97736713,0,0.009402729
Peoplenet,89f6c9c313ba4ed9b6a4e014c47d134f,TRUE,21600,21600,10,0,0,21600,10,2:10-24,2160,0.999888054,0,0,0
1010data,8a6a62d6e9044c85b60418211262efdf,TRUE,20549,20549,10,0,0,20549,10,2:10-24,2054.9,1,0,0,0
Blue Shield of California,8aeb697cc55f42dd8590e7ceebcbe339,TRUE,178294,43414,37,0,0,43414,37,3:25-49,1173.351351,0.6380105,0.000168883,0.361820618,0
The Toro Company,8bf9128b2de747e19fe750a345bc2b09,TRUE,32081,32081,14,0,0,32081,14,2:10-24,2291.5,0.999959141,0,0,0
Dailymotion,8c558ac522dd4ab6be2bb86e4178d859,TRUE,8952,0,0,1788,1,1788,1,1:1-9,1788,0.711565769,0.081728365,0.200799984,0.005905882
Toyota Motor Credit Corporation,8ccfc35d2daf48f5a5e04d2671e6954d,TRUE,99300,10800,10,0,0,10800,10,2:10-24,1080,0.880834386,0.005223971,0.105802954,0.008138689
Cineplex D&T,8d279d79eb72475dabaa547fa638911c,TRUE,18360,6120,3,0,0,6120,3,1:1-9,2040,0.256463951,0,0.679438114,0.064097935
Express Scripts,8d3650a424114a919ad713b0546ef744,TRUE,216362,216362,100,0,0,216362,100,5:100-249,2163.62,0.950858463,0.007029613,0.042111924,0
Varo Money,8dbe168a601048c691d49bd6d605d085,TRUE,70452,23484,10,0,0,23484,10,2:10-24,2348.4,0.98994135,0.004209949,0,0
Connections Education,8df062f33af847d7bd64122d21357ea2,TRUE,57030,30604,30,0,0,30604,30,3:25-49,1020.133333,0.903551278,0.000511044,0.095937678,0
LegalShield,8e0d8263349344dcaecff76d5630f5c3,TRUE,55200,36000,15,0,0,36000,15,2:10-24,2400,0.622105378,0.073371232,0.30452339,0
Chanel,8e3416bcec96448cbec3fa0721241ed2,TRUE,66804,0,0,66804.42,50,66804.42,50,4:50-99,1336.0884,0.842937043,0.030744637,0.12631832,0
tiktok_saucelabs,8e8646d7ae91413484b58b922b4b4118,TRUE,21840,21840,12,0,0,21840,12,2:10-24,1820,0.996884865,0,0.00299976,0.000115375
Pacific Life RSD,8eda437fc72b4f3fa355615cca236304,TRUE,19200,9600,4,0,0,9600,4,1:1-9,2400,1,0,0,0
Roche Molecular Systems,8ee0fadd443b4eeb94385a6628fc2ad3,FALSE,19200,36000,6,0,0,36000,6,1:1-9,6000,0.39507146,0.000124343,0.604804198,0
PTC,90754d5c4f73412e98cb987571037d93,TRUE,19669,19669,10,0,0,19669,10,2:10-24,1966.9,1,0,0,0
"AutoNation, Inc.",90f69aa2fa3c4b3fbd86def96bed1c18,TRUE,47808,33408,16,0,0,33408,16,2:10-24,2088,0.98694837,0.001571108,0,0
White Cap,9115963587c445e7a99a2cbadf8db582,TRUE,12000,12000,5,0,0,12000,5,1:1-9,2400,0.149374759,0.167344781,0.283960711,0.39931975
BenefitHub Web Mobile,91ec1ca759234a2a8cd09c567e922918,TRUE,27900,16200,8,0,0,16200,8,1:1-9,2025,0.806296415,0,0.193703585,0
NBCUniversal,923826ff5d164050a76d94ea4b3d13e8,TRUE,57165,57165,25,0,0,57165,25,3:25-49,2286.6,1,0,0,0
ETRADE,9254b6056ee645288bb5e9c0b8d0009d,TRUE,231960,135960,125,0,0,135960,125,5:100-249,1087.68,0.597419715,0.212775391,0.006778746,0.183026152
Cox Automotive - CRS,92e56edd912a4129997e946a7b93aab1,TRUE,68750,68750,40,0,0,68750,40,3:25-49,1718.75,0.952512579,0.003714003,0.043773418,0
Kotak Securities Ltd,92e6a1f120b6411fa86962cd62fba8d9,TRUE,11376,1776,1,0,0,1776,1,1:1-9,1776,0,0,0,0
TransUnion,932b9ab352e84d53bcca3145fecf1dc0,TRUE,18540,18540,10,0,0,18540,10,2:10-24,1854,0.982036743,0.006516283,0.005723487,0.005723487
WestJet,943dee4af279426eaee69ac5ecf35278,TRUE,84000,39168,20,0,0,39168,20,2:10-24,1958.4,0.950657681,0.002849825,0.03486937,0.011623123
Blend Labs,94befe0ff7c44062841eadcac05e5e8a,TRUE,28659,21240,10,0,0,21240,10,2:10-24,2124,0.931348283,0.01659121,0.017353502,0.034707005
ING,94df2e68797c4b8f943dfb65276dd7ae,TRUE,40320,0,0,15600,10,15600,10,2:10-24,1560,0.791076255,0.021909105,0.18701464,0
BOQ,94eda36007754668883aadd5800fd73f,TRUE,135120,19920,10,0,0,19920,10,2:10-24,1992,0.006781845,0.689258064,0,0.303960091
John Deere IT,95725b837fb94586b14a5a92691d5d5e,TRUE,26161,22673,13,3488.16,2,26161.16,15,2:10-24,1744.077333,0.794021401,0.038561377,0.074407654,0.093009568
WorkJam,95f1aaf6ec33454bac1e768ddadd6db0,FALSE,9000,22500,4,0,0,22500,4,1:1-9,5625,0.998886306,0,0.001113694,0
The RealReal,962ac955c5d645c080ff019add2158c8,TRUE,24218,10773,5,0,0,10773,5,1:1-9,2154.6,0.010441379,0,0.989558621,0
Infosys Limited,963c3447b33b4b86809ef96a7a22e058,TRUE,111296,24658,15,0,0,24658,15,2:10-24,1643.866667,0.212929316,0.010133531,0.764984274,0.011952879
NSWDoE,963df629f6a1415ead3f1475ea530b88,FALSE,10800,16128,6,0,0,16128,6,1:1-9,2688,1,0,0,0
Voya Financial,9649f64d765242998cbaf99e78faa3c5,TRUE,181567,46417,30,0,0,46417,30,3:25-49,1547.233333,0.937986934,0.004609961,0.057403106,0
Openbank,96acc0ec237440958d9904011184d5ff,TRUE,168000,0,0,28800.01,15,28800.01,15,2:10-24,1920.000667,0.998597696,2.38E-05,0,0
Spark Ventures NZ,96c4c3162c9144bb856519351694dd5f,TRUE,23602,23602,10,0,0,23602,10,2:10-24,2360.2,0.127147097,0.347050274,0.170530581,0.355272045
Yahoo Inc !,97c8f05970dd445f950cae18040941ce,TRUE,1193432,861840,950,0,0,861840,950,7:500+,907.2,0.40097629,0.060699158,0.471033986,0.067290569
IKEA_TE,97d0366d59f0429e977db4ee061fb7ca,TRUE,83624,0,0,36018,25,36018,25,3:25-49,1440.72,0.735341305,0.04003459,0.028078013,0.196546092
Sales-I,9806b1792b9f41d4a6862b31c64fa7b1,TRUE,16939,0,0,8469.06,4,8469.06,4,1:1-9,2117.265,0.077425275,0.001003854,0.921570871,0
Central1 Credit Union,981c99cd63634b52a48e63a4667e3bc7,TRUE,19080,14304,8,0,0,14304,8,1:1-9,1788,0.999923923,0,0,0
"ONESTIC, INNOVACION Y DESARROLLO S.L.",9909c9cbfec64406b23fa271fa36ac5c,TRUE,37570,0,0,16024.8,12,16024.8,12,2:10-24,1335.4,7.02E-06,0,0.999992982,0
Serko,9972b511fb2f44bb8e70118b2340af4f,TRUE,11712,11712,8,0,0,11712,8,1:1-9,1464,1,0,0,0
1800Flowers,9a112f77ad7341df95b5fe85a4fe310b,TRUE,194126,99031,58,3414.84,2,102445.84,60,4:50-99,1707.430667,0.694961757,0.222202218,0.018408005,0.064428018
Generali Business Solutions,9b60a70239654dc4b882b5e46c1f73af,TRUE,108783,0,0,21000.06,10,21000.06,10,2:10-24,2100.006,0.914985082,0.001072493,0.071028206,0.012914219
StockX,9b7918a7d2cd4268a5eea86c307d5212,TRUE,29952,8352,4,0,0,8352,4,1:1-9,2088,0.455078904,0.006972363,0.537948733,0
Care.com,9b8b8f66a4084716890435b9cd14386d,TRUE,255000,118608,62,13440,8,132048,70,4:50-99,1886.4,0.334292216,0.090695428,0.387462353,0.187481784
Kingfisher Group,9ba26c782675430fade395c4db380d3d,TRUE,132120,96900,40,0,0,96900,40,3:25-49,2422.5,0.756526521,0.108611483,0.026972397,0.10788959
Skyscanner,9ba7aceaff2045c7a292a7a83f51080b,TRUE,15837,0,0,7437,5,7437,5,1:1-9,1487.4,0.246420196,0.016029674,0.705482733,0.032067397
Canva,9c4bbbba05a34d13b105d23dac4515f5,FALSE,19500,66744,5,0,0,66744,5,1:1-9,13348.8,0.726131776,0.05274461,0.204114106,0.017009509
Consumer Financial Protection Bureau,9ce7053a518e4022bbe058074845b7a6,TRUE,12978,12978,15,0,0,12978,15,2:10-24,865.2,0.920015468,0.023068863,0.034149386,0.022766257
Bison Schweiz AG,9d03b25bbeea424098b6fa9c220630b6,TRUE,41124,0,0,41123.77,15,41123.77,15,2:10-24,2741.584667,0.997381738,9.61E-06,0,0
Genesys,9e218ac151fb4c908cebaf565980e4dd,TRUE,128408,45963,110,0,0,45963,110,5:100-249,417.8454545,0.731944046,0.092364973,0.017569098,0.158121882
fidelitymaster,9e4b17ffc8a741bb820158d103d0b1f1,TRUE,103950,0,0,103950,55,103950,55,4:50-99,1890,0.772666264,0.052586542,0.147863007,0.026884183
Euroconsumers,9e66d26009f943dc94a8bb388f5287e0,FALSE,48570,0,0,48571.44,25,48571.44,25,3:25-49,1942.8576,0.999677705,0.000252323,0,0
HDS FM,9eccece22aa54e7294ef7e4bd9d0eb3d,TRUE,102810,40800,120,0,0,40800,120,5:100-249,340,0.975752587,0.000295364,0.023952049,0
Hootsuite,9f55cf25c0bc4fffb34db5c570772ce4,TRUE,109500,73500,35,0,0,73500,35,3:25-49,2100,0.96466146,0.026471379,0.008867161,0
Reform,9f971045f079476bb1ea7a8a50ab17e4,TRUE,57900,0,0,50700,25,50700,25,3:25-49,2028,0.595524724,0.004695894,0.399779382,0
CDK Global LLC,9fb4d3a3c3174d53aa7bd371cc3f1c96,TRUE,194208,158208,100,0,0,158208,100,5:100-249,1582.08,0.832689459,0.003355669,0.163954872,0
"Cardinal Health, Inc.(e-Commerce)",a016ae2debf74bb8a31ed44a5ef8f85f,TRUE,14509,14509,10,0,0,14509,10,2:10-24,1450.9,0.111636696,0.61130973,0,0.277053574
brianjohnstonRegal,a109314168dd4454b1ee7e9614c56c1f,TRUE,45552,17520,10,0,0,17520,10,2:10-24,1752,0.586325312,0.200228351,0.166013818,0.047432519
PayPal,a125f222b9054eea9e612f2590085793,FALSE,260652,314119,195,0,0,314119,195,5:100-249,1610.866667,0.457704807,0.001171606,0.541123589,0
Trafikfrvaltningen,a13fd1ee142f4748a8012c5d9de9fb6b,TRUE,20627,0,0,11460,5,11460,5,1:1-9,2292,0.381108641,0.071617742,0.503491632,0.043781881
Klick Inc,a145d0979d7f459faa0558f759c1883d,TRUE,64964,64964,36,0,0,64964,36,3:25-49,1804.555556,0.044828612,0.033756439,0.269177401,0.652237549
Unilever,a1a8cb448da545ae95c40dc6bc099a58,TRUE,25380,0,0,25380,15,25380,15,2:10-24,1692,1,0,0,0
Solera,a3b170bf656a4cf9a8e58ec352f14f1c,TRUE,94680,39480,35,0,0,39480,35,3:25-49,1128,0.833734803,0.022725625,0.126314823,0.017224749
Securian,a3f43eef6e4d406cb10ba0c4ef7b4864,TRUE,53766,32260,15,0,0,32260,15,2:10-24,2150.666667,0.942091925,0.001417407,0.056490669,0
Microsoft Teams,a419d73af02347f582ae01c5e6ce5c11,TRUE,113400,99000,50,0,0,99000,50,4:50-99,1980,0.049975681,0.512159533,0.437864786,0
Testsigma,a42c43f08b284b9c8ab958c395a65515,TRUE,60840,35640,27,0,10,35640,37,3:25-49,963.2432432,0.921330082,0.000267123,0.078402795,0
TestAtCovea,a456c61de1e24058a45d99a189215fa1,TRUE,30868,0,0,22799.38,12,22799.38,12,2:10-24,1899.948333,0.768641259,0.020866585,0.070164052,0.140328104
SVB QA,a4efd7d8def542e0b19c72f265a14e67,TRUE,222240,114480,60,0,0,114480,60,4:50-99,1908,0.571109571,0.100311336,0.318622151,0.009956942
Vestmark,a51ed066c2134021b3fb0e7ccad839e6,TRUE,19158,19158,10,0,0,19158,10,2:10-24,1915.8,1,0,0,0
Staples,a524ba2759e44522b77853f49652b540,TRUE,87698,63698,32,0,0,63698,32,3:25-49,1990.5625,0.767295396,0.076269151,0.078217726,0.078217726
Scout24,a5a30d9ca5464909a1bbad8232b7e01d,TRUE,19434,0,0,19433.99,10,19433.99,10,2:10-24,1943.399,0.775423777,0.013074777,0.173046637,0.038454808
LifeWay Christian Resources,a6350128059841ae9f0c4fa5d7095598,TRUE,29976,20300,20,0,0,20300,20,2:10-24,1015,0.789074023,0.001101135,0.186510971,0.023313871
Rodan and Fields,a68575f4d4d1423991b5792918e10379,TRUE,207180,43445,120,0,0,43445,120,5:100-249,362.0416667,0.011417582,0.15142292,0.259120797,0.578038701
Scripps Networks,a6cbd9dc8b1e4ce3b8a81cd13c276e7f,TRUE,89118,89118,50,0,0,89118,50,4:50-99,1782.36,0.997479823,0.00028152,0,0
UKG - Quality,a737bad0af41419f9de83175dd30ea48,TRUE,361176,181656,87,0,0,181656,87,4:50-99,2088,0.875403164,0.032845409,0.030583808,0.061167616
Tenable Inc.,a7428ea9ee184d988c9dd9e2f3710d20,TRUE,231560,163125,120,0,0,163125,120,5:100-249,1359.375,0.999393951,0,0,0
"Duolingo, Inc.",a7a61e08f9934442b39d97ceb9bc5dcf,TRUE,261334,232560,150,0,0,232560,150,5:100-249,1550.4,0.2348531,0.414236734,0,0.350910168
"nCino, LLC",a7c9035cf30946e6ae542c589fa892d8,TRUE,25462,25462,10,0,0,25462,10,2:10-24,2546.2,0.39147011,0,0.60852989,0
Accenture_ADOP_M,a849fc706554494699dc1bc38a15a2ef,FALSE,20550,45897,10,0,0,45897,10,2:10-24,4589.7,0.781415951,0.004193405,0.160792983,0.053597661
TAKEALOT_MASTER,a88e569fe38042ca954be1213a2ece4d,TRUE,19200,0,0,19200,11,19200,11,2:10-24,1745.454545,0.825296423,0,0.174703577,0
eureQa,a8ba5c4b86644ff79ba31a2e02f67081,TRUE,116086,87886,44,0,0,87886,44,3:25-49,1997.409091,0.63419705,0.058897876,0.030690506,0.276214553
Gemini,a8be49407cbd449291966160a91fc7f5,TRUE,36000,12000,6,0,0,12000,6,1:1-9,2000,0,0,0,0
Smartsheet,a9d8d90bede04e019d49415fd6ef4e4f,TRUE,264600,264600,175,0,0,264600,175,5:100-249,1512,0,0.385615512,0,0.61438449
Refinitiv,aa430157c0fc4fcabdf09a2700da7173,TRUE,28200,22200,10,0,0,22200,10,2:10-24,2220,0.649068431,0.00399157,0.27515931,0.071780689
BP - BAS - Enabling Solutions,aad0e7dfc19c46a691d5820c48ac61e7,TRUE,7928,0,0,7927.8,5,7927.8,5,1:1-9,1585.56,1,0,0,0
d-NRW AR,ab52f1d9666c469ca904a3837c79115f,TRUE,4393,0,0,1470,1,1470,1,1:1-9,1470,0.559074396,0.025938128,0.414987477,0
Zaizi,adc42ca06f7a4764b76a36cd011422b3,TRUE,7152,0,0,7152,4,7152,4,1:1-9,1788,0.939936489,0,0.060063511,0
FHLB SF,ade2bf7a818e43b081200901a55b0b55,TRUE,15332,15332,10,0,0,15332,10,2:10-24,1533.2,1,0,0,0
SNCF CONNECT & TECH SERVICES,ae55bc61b4e04adf82f5fdcd7910a0c6,TRUE,43326,0,0,7203.62,5,7203.62,5,1:1-9,1440.724,0.118017281,0.109905387,0.301298471,0.470778861
Sonexus Health,ae7d60769ac84349b47687b58eb00b07,TRUE,3600,3600,2,0,0,3600,2,1:1-9,1800,0.011073254,0.432069847,0.397754928,0.159101971
California Department of Public Health CDPH,af64620e8a784ee4913aa6e807a390c1,TRUE,25080,25080,11,0,0,25080,11,2:10-24,2280,1,0,0,0
BOFA,af8cb64af6ff40159fdc1c1b33497714,TRUE,441600,441600,230,0,0,441600,230,5:100-249,1920,0.927007043,0.004536469,0.054765191,0.013691298
Edelman Financial Engines,af9399117048418ca56ef7ba1db87a02,TRUE,20000,17500,8,0,0,17500,8,1:1-9,2187.5,1,0,0,0
Weedmaps,afb6f2b436874882b05bb89831acd98e,TRUE,46519,46519,20,0,0,46519,20,2:10-24,2325.95,1,0,0,0
Ventiv Technology,b0c35d4cb1e94983933ab33859ba46f9,TRUE,34848,34848,22,0,0,34848,22,2:10-24,1584,1,0,0,0
Hilti-dms,b0de841f3adb496094029961d6a70421,TRUE,22980,0,0,1812.04,1,1812.04,1,1:1-9,1812.04,0.625,0.375,0,0
Progrexion ASG Inc.,b16a916e29da4eeaaf53459217fb6233,TRUE,31800,21000,10,0,0,21000,10,2:10-24,2100,0.256330118,0.396825784,0.346844097,0
Santander Global Tech,b183eb4aeb154bb1942967a720debe03,TRUE,24640,0,0,1812,1,1812,1,1:1-9,1812,0,0,0,0
"Ticketmaster Entertainment, Inc.",b27d784f75cb48459d56467d221c5c82,TRUE,144330,80031,53,0,0,80031,53,4:50-99,1510.018868,0.918108459,0.024612348,0.057279193,0
Canadian Tire Bank,b297a56416384acbaff7b63515bbc077,FALSE,14280,22320,10,0,0,22320,10,2:10-24,2232,0.424218463,0.203071062,0,0.372710461
Ironclad,b32fa4b333d14773b890799b89f5a09d,TRUE,21600,16310,15,0,0,16310,15,2:10-24,1087.333333,0.965578999,0.000899747,0.033521254,0
noesisbrasil,b374a76d82d5435fa1909364ea199a1f,TRUE,47462,0,0,17395.16,12,17395.16,12,2:10-24,1449.596667,8.75E-06,0.567940009,0,0.432051238
Oportun,b3c80e0485dd484582ea4af17ac5fce1,TRUE,155917,82610,54,0,0,82610,54,4:50-99,1529.814815,0,0,0,0
Cardinal Health,b3cf33d788514eeb83e516e654ce700a,TRUE,57756,18000,10,0,0,18000,10,2:10-24,1800,0,0,0,0
SFG,b3fdb7b899a04fd880e37136d8e3a1e6,TRUE,62580,62580,35,0,0,62580,35,3:25-49,1788,0.303683591,0.111562167,0.38983616,0.19491808
Choice Hotels International,b45464d6fac6455883abdce61a9fb179,TRUE,50761,49173,10,0,0,49173,10,2:10-24,4917.3,0.64318565,0.149539753,0,0.207274598
OTR,b4b8a583f7d140c1b806c462efa3e6f7,FALSE,37345,0,0,41494.32,15,41494.32,15,2:10-24,2766.288,0.756889134,0.001019678,0,0.242091188
Nextdoor,b547b6ca428c4b57b458f60b23f5133f,TRUE,15000,10800,5,0,0,10800,5,1:1-9,2160,0.096396352,0.075298118,0.817548315,0.010757215
GreenSky,b592f5b020494b24a07cda1350b3b9e2,TRUE,30158,30158,20,0,0,30158,20,2:10-24,1507.9,0.84961161,0.020050394,0.086891997,0.043445999
Bealls,b5996941928a4da79316a5cbfbe9e1a3,TRUE,21204,13392,4,0,0,13392,4,1:1-9,3348,0.696610169,0,0.262937853,0.040451977
Amway (My Biz ),b5f15856e7dd48eaaae1a1302fa7268b,FALSE,34299,44400,15,0,0,44400,15,2:10-24,2960,0.984104152,0.000858727,0,0
MerchantE,b60aa7756fd84ef9bd85b03ec3fe3a59,TRUE,28800,19200,8,0,0,19200,8,1:1-9,2400,0,0.330195024,0.229933052,0.439871925
Derivco,b841d369350846eebd9de0f4896a0f70,TRUE,70258,0,0,30235.68,17,30235.68,17,2:10-24,1778.569412,0.204142919,0.052668091,0.495459326,0.247729663
TELUS Corporation,b85549a6e3154141bb6a346aec215a2f,TRUE,22915,22915,10,0,0,22915,10,2:10-24,2291.5,0.967279285,0.015667597,0.00121808,0.015835038
Autodesk,b86a296c39124c1b994a0a87a8559e6d,TRUE,251344,170083,100,0,0,170083,100,5:100-249,1700.83,0.702104833,4.41E-05,0.297851045,0
yogesh.kanoi,b8c88bdc3b4b45bebabcafc9d23040ae,TRUE,10032,2736,2,0,0,2736,2,1:1-9,1368,0,0,0,0
tbg_developer,b8d41feb1d0343449ed02645181215c2,TRUE,28409,0,0,3840.18,2,3840.18,2,1:1-9,1920.09,0.949621561,0.00144969,0.048928749,0
Idexx Laboratories,b9273a6af375446bb8f202e42159f6fa,TRUE,48000,33600,14,14400,6,48000,20,2:10-24,2400,0.629809436,0,0.359613691,0.010576873
ABN AMRO,b9c44f9913ee4026b198928ab642a04a,TRUE,322918,0,0,36551.02,26,36551.02,26,3:25-49,1405.808462,0.32276467,0.56137523,0.100412087,0.015448013
Quicken Loans,bab8fa418e3543f583c2be09d40df65b,TRUE,47010,9270,10,0,0,9270,10,2:10-24,927,0.477102501,0.025898804,0.488715384,0.008283312
Sleep Number,bac78cd3a4f74aca868c6b383298e2a4,TRUE,51532,22866,25,0,0,22866,25,3:25-49,914.64,0.988957873,0.000106493,0,0
BGC Engineering,bb0cd1195f5540a8a569209af6d4e1f8,TRUE,24000,24000,10,0,0,24000,10,2:10-24,2400,0.999614205,0,0,0
Banca Mediolanum,bb467e7550fe4cc7bc34ad48af4886f4,TRUE,44544,0,0,12767.96,7,12767.96,7,1:1-9,1823.994286,0.767442895,0.007757895,0.224799209,0
UserZoom,bc1e0083dfbb46ab96bce0aecddcda52,TRUE,29998,18011,16,0,0,18011,16,2:10-24,1125.6875,0.066704415,0.001754381,0.931541204,0
Idera,bc31e24f9ad54183abd2ac0a5970d59d,TRUE,66000,66000,50,0,0,66000,50,4:50-99,1320,0.122017549,0.334232935,0.470269851,0.073479664
Mixpanel,bc445167596545258090a15ee818228f,TRUE,100800,84000,48,0,0,84000,48,3:25-49,1750,0.000136069,1.20E-05,0.999851947,0
VyStar,bd064e75dcfd498e9fb0d7d7c1546976,TRUE,45264,16656,8,0,0,16656,8,1:1-9,2082,0.827601939,0.048874199,0.123523862,0
BTB,be2a2fafda9e4830ac69cd1730fca857,TRUE,49500,36000,30,0,0,36000,30,3:25-49,1200,0.532493278,0.003790155,0.454967197,0.008749369
Mozilla,be60fbb0d0604172941996bc87e9a0d0,TRUE,14400,14400,10,0,0,14400,10,2:10-24,1440,0.931946807,0,0.068053193,0
disney_qe,be6641d9f85a47419ff59d05f8a99d3d,TRUE,106914,106914,50,0,0,106914,50,4:50-99,2138.28,0.635469584,0.170259156,0.053964239,0.140307021
Workday,be75878c8c2e46aca831f003cb5f75e5,FALSE,130331,120900,69,16497.6,10,137397.6,79,4:50-99,1739.210127,0.825485857,0.000185188,0.174328955,0
Ping Identity,be914c61da844b23af7170ce61aca435,TRUE,39960,24000,20,0,0,24000,20,2:10-24,1200,0.752754026,0.027730247,0.197564151,0.021951572
Cisco Systems,bee402a191bf4a8596d3b9a796d4e6f8,TRUE,73418,40124,45,0,0,40124,45,3:25-49,891.6444444,0.387520575,0,0.612479425,0
Docebo,bf09c2a133b8475087223656a31295c8,TRUE,107904,0,0,101640.01,70,101640.01,70,4:50-99,1452.000143,0.887804293,0.000557313,0.111638393,0
Dick's Sporting Goods,bf54225b97dd441b8525164252466e5a,TRUE,82622,55622,40,0,0,55622,40,3:25-49,1390.55,0.4635685,0.227587279,0.053249003,0.255595216
Games Platform,bfa87b63a81947b7a8b517e1ab0037cb,TRUE,134829,0,0,32256,18,32256,18,2:10-24,1792,0.953627017,0.021610139,0,0.024762844
Citizens Advice,bfbdfc924e034c8a9dc0fa03a60dff04,TRUE,16364,0,0,16363.94,15,16363.94,15,2:10-24,1090.929333,0.758425544,0.005005485,0.236568971,0
CATS,c02a6aa681a64ca6a8ef4a24745a2194,TRUE,111406,0,0,33184.05,25,33184.05,25,3:25-49,1327.362,0.368394833,0.062336017,0.370024948,0.199244203
"Comcast Cable Communications Management, LLC",c05ad423961448279804c91d8b6875ed,TRUE,127306,61106,30,0,0,61106,30,3:25-49,2036.866667,0.305627777,0,0.694372223,0
CoreLogic,c0647d10acdf4fc69cec2c98c57760fb,TRUE,108000,108000,60,0,0,108000,60,4:50-99,1800,0.899939343,0.000579167,0,0.099481489
THE NET-A-PORTER GROUP LIMITED,c0b71cac2ed5494a8d1a101ac09dc2af,TRUE,11781,0,0,11781,5,11781,5,1:1-9,2356.2,0.524025987,0,0.453308584,0.022665429
SAP SE,c1008103efe14dfe999ed2031b2b5e84,TRUE,900000,0,0,597600,664,597600,664,7:500+,900,0.936953734,0.009319684,0.053726589,0
Apparound,c1220ffb140e49f799908ed9d1f36d37,TRUE,22146,0,0,4613.76,2,4613.76,2,1:1-9,2306.88,0.747884581,0.024481959,0.22763346,0
Vesta,c1d98716ef1f45149be8715c156df252,TRUE,20517,16917,10,0,0,16917,10,2:10-24,1691.7,0.367537515,0.014647166,0.536790359,0.08102496
Paychex,c1df3fcb28094dc3a250f19cb3bce303,TRUE,350446,254530,200,0,0,254530,200,5:100-249,1272.65,0.036813038,0.394185664,0.01896671,0.55003459
Score Media and Gaming Inc,c224828ebf034744ae03fdd33efab972,TRUE,105528,20880,15,0,0,20880,15,2:10-24,1392,0.060038215,0.431712017,0.039096136,0.469153628
Demandware,c267acab382d4647b97f0a36e99e50fd,TRUE,6746,6746,5,0,0,6746,5,1:1-9,1349.2,0,0,0,0
Transzap Inc,c2b53b1801ee432ba0fcf99f6a2ae385,TRUE,29849,29849,15,0,0,29849,15,2:10-24,1989.933333,0.976588492,0.001004484,0,0
VoucherCodes,c2ee4577b56c434eb038bb2a44ca9ff8,TRUE,45728,0,0,19664.09,15,19664.09,15,2:10-24,1310.939333,0.059323449,0.001632041,0.939044509,0
Estee Lauder,c42c68bd4ba64afebac090344221e74b,TRUE,99317,96369,60,0,0,96369,60,4:50-99,1606.15,0.462304902,0,0,0.537695098
lbadmin,c42c8b577b6d47e6b4ab93da28623795,TRUE,371549,344572,263,0,0,344572,263,6:250-499,1310.159696,0.275744286,0.56234829,0,0.161907427
DigiB,c495abb8090640ee8e32b3fce62278aa,TRUE,11250,0,0,11250,5,11250,5,1:1-9,2250,0.999748847,0,0,0
Clarivate,c4f176d93e0a4289aeeaff577cd85fb0,TRUE,33449,33449,25,0,0,33449,25,3:25-49,1337.96,0.879814583,2.19E-05,0.120163505,0
"Chan Zuckerberg Initiative, LLC",c4f75769dff841029addc28d45b371f4,TRUE,10000,10000,5,0,0,10000,5,1:1-9,2000,0.278310774,0.187756822,0.251262307,0.282670096
ESC NIHB,c508f8c2c32d4a80825a418943c1218d,TRUE,112167,112167,55,0,0,112167,55,4:50-99,2039.4,0.955126481,0,0.044873519,0
Walmart,c5131d94c01c49b9b1c3e7265c05a9ba,TRUE,2089126,1662898,1320,0,0,1662898,1320,7:500+,1259.771212,0.13777118,0.108251799,0.509443932,0.244533087
Costco Travel,c5326f4aaabc4136ae014804a0db283a,TRUE,65400,24000,10,0,0,24000,10,2:10-24,2400,0.001990485,0.568106704,0.017912617,0.411990193
CNP Assurances,c55ade77e18d42a7a1e11c3dd66474ab,TRUE,10800,0,0,3600,2,3600,2,1:1-9,1800,0.053878034,0.004990273,0,0.941131692
AppKeeper,c5b5f547c814408c816d8ad095b49844,TRUE,37020,0,0,2098.8,1,2098.8,1,1:1-9,2098.8,0.98206246,0,0.002643427,0.015294113
Walt Disney Studio Technology,c5cdfd2438ff4b2ba9ef8e6c56d8f6d6,TRUE,22680,22680,10,0,0,22680,10,2:10-24,2268,0.973123518,0,0.026876482,0
Vizient,c6dc9f55a9aa4339946c031f64b921fc,TRUE,50100,19800,10,0,0,19800,10,2:10-24,1980,0.655066056,0.112203179,0,0.232730765
Fabric,c72a468d80a54c098f3eca9e58744bd0,TRUE,20880,20880,10,0,0,20880,10,2:10-24,2088,0.453512893,0,0.546487107,0
KP.ORG,c745ec6493324cb4ac1f1d3cd09230b3,TRUE,265200,265200,130,0,0,265200,130,5:100-249,2040,0.706979007,0.091981091,0.114879941,0.086159955
Xcel_QA,c7969a273f7c46098947f601116f32a0,TRUE,50920,20462,10,0,0,20462,10,2:10-24,2046.2,0.437646045,0.228441379,0,0.333912574
"IPC Systems, Inc.",c7a2b06d6a98449f9fc1ba63f841cb3a,TRUE,120309,120309,75,0,0,120309,75,4:50-99,1604.12,0.998399058,0,0,0
World Fuel Services,c82eebd9033c4bf0a5021d5b1a9a723e,TRUE,35880,17880,10,0,0,17880,10,2:10-24,1788,0.974724893,0.000454232,0.008273625,0.01654725
Build,c83dbd42016243bdb4c4721c4ae38a43,TRUE,100771,85231,65,0,0,85231,65,4:50-99,1311.246154,0.948735831,0.001207063,0.050057106,0
OpenEdge,c8c547fb3a46461b9b8061fb3aa7114e,TRUE,64200,45000,20,0,0,45000,20,2:10-24,2250,0.967521756,0,0.032478244,0
BeachBody,c98e7a6084744c92b6f0459147b0c16d,TRUE,72600,55800,50,0,0,55800,50,4:50-99,1116,0.979159415,1.07E-06,0.020839517,0
smoghe,ca17a53ff477451bba6ed5453c175ffd,TRUE,15249,1800,2,0,0,1800,2,1:1-9,900,0.919665071,0,0.080334929,0
European Parliament,ca2c427ff48341c5887b1494c5ac29e1,TRUE,45429,0,0,17213.94,10,17213.94,10,2:10-24,1721.394,0.327224874,0.008553338,0.664221788,0
Conversant Media,ca483970b94f4553b8e64bea8f7cb8f8,TRUE,90000,20496,50,0,0,20496,50,4:50-99,409.92,0.517637797,0.007718584,0.474643617,0
HEIST,ca57baca2c2243468da033c42403bd39,TRUE,36000,36000,15,0,0,36000,15,2:10-24,2400,0.99998706,0,0,0
DMED,cb3f66b35fc344d2bd984f18b89dac7e,TRUE,249480,249480,125,0,0,249480,125,5:100-249,1995.84,0.919335219,4.96E-06,0.080659821,0
Swiss Re Management Ltd,cb7bfcaac6454d018ad257d41367b9fb,TRUE,13264,0,0,6631.86,4,6631.86,4,1:1-9,1657.965,0.000576248,0,0.989120415,0.010303338
Santander Group,cc35c7d358ec4985921af82ecb527947,TRUE,66933,0,0,3623.95,4,3623.95,4,1:1-9,905.9875,0.00132062,0.26010153,0,0.73857785
Trimble,cc49d4de7dae41f9a0a90ade11f8be37,TRUE,20040,10800,5,0,0,10800,5,1:1-9,2160,0,0,0,0
Pluralsight,ccb2ae1d49ee4422b0a935d9bbd8e3e8,TRUE,14400,14400,10,0,0,14400,10,2:10-24,1440,0.920182744,0,0.079817256,0
Atmosphere,ccbd440a560c49dfb4feaed4a4c9b23c,TRUE,177954,0,0,177954.36,100,177954.36,100,5:100-249,1779.5436,0.201893351,0.001105784,0.797000865,0
Amerisourcebergen,ccf784c9ee9b408aa487aee30fca5d17,TRUE,64020,23280,10,0,0,23280,10,2:10-24,2328,0.975737596,0.002578618,0.021683786,0
TWDC Digital Media,cd3bd5d3cee14e1bac99d76e605e1996,FALSE,13608,15876,6,0,0,15876,6,1:1-9,2646,0,0,0,0
Grainger,cd4aadfe3c594f50a886f1dc7919d0d0,FALSE,121500,178500,75,0,0,178500,75,4:50-99,2380,0.930428373,0.003016604,0.058235645,0.008319378
Life & Retirement,ce3877bfb26a43afa8336b64fe6cbf6e,TRUE,189525,132525,75,54150,38,186675,113,5:100-249,1651.99115,0.76232841,0.075708844,0.07198344,0.089979299
CBRE Group Inc,ce5f00c80c6349d59d639fbc3296bee4,FALSE,22920,57300,10,0,0,57300,10,2:10-24,5730,0.981694174,0.012993203,0,0.005312623
dell_sauce,cf4bfa2e3317424ea3475ef617d359ef,FALSE,704448,705000,311,0,0,705000,311,6:250-499,2266.881029,0.475865759,0.193081457,0.148973751,0.182079029
OnDeck,cf5a0a619b08400a9926c95b85975d5a,TRUE,45850,38194,20,0,0,38194,20,2:10-24,1909.7,0.999807783,0,0,0
Charter,d027dbed067248829c0ed323b1278fb8,TRUE,990360,441000,600,0,0,441000,600,7:500+,735,0.679729075,0.020200825,0.300069,0
TripActions,d05ca9e4619140c99b0f53142e6e5ea9,TRUE,25776,9600,4,0,0,9600,4,1:1-9,2400,0,1,0,0
Constellation Brands,d08866b8f10f40deb8acfaf074e046f3,TRUE,7816,7816,4,0,0,7816,4,1:1-9,1954,1,0,0,0
"Comcast Cable Communications Management, LLC",d0cdb27f110441ecb25fad7bd91ebea7,TRUE,32417,22817,13,0,0,22817,13,2:10-24,1755.153846,0.975029557,1.61E-06,0.024968835,0
iCIMS,d0f26d152b65418d99d8c5a9afbecc2e,FALSE,12000,24000,5,0,0,24000,5,1:1-9,4800,0.382805334,0.189656172,0.285025662,0.142512831
Impact,d0fbb1d73a1740da8acc300e9bdb4f03,TRUE,33504,31116,17,0,0,31116,17,2:10-24,1830.352941,0.963055326,0.011294192,0.025650482,0
Priceline,d10c2800bfa347d28ab2076563a09cdd,TRUE,91860,90900,55,0,0,90900,55,4:50-99,1652.727273,0.454066473,0.406321981,0.034902886,0.104708659
Associated Bank,d28a012768124cb485ce55fd8840fd08,TRUE,81704,22898,15,0,0,22898,15,2:10-24,1526.533333,0.343386975,0.166611804,0.370488728,0.119512493
The Associated Press,d2a775e78c8440659f2fbed3bca20a72,TRUE,21984,16704,10,0,0,16704,10,2:10-24,1670.4,0.891974913,0.000798213,0.107226874,0
Santander Consumer Bank GmbH,d2f39ab8ba834bddb23db42ee2c78366,TRUE,37957,0,0,9716.96,5,9716.96,5,1:1-9,1943.392,0.013971539,0.952134541,0.03389392,0
Zaxby's,d2fc3979e7a04e5f9058bf35a48c420e,TRUE,78480,20880,15,0,0,20880,15,2:10-24,1392,0.368120468,0.570431806,0.061447738,0
Stormshield,d35f41e34e844c48a85c4628466d5c22,TRUE,4776,0,0,4776,2,4776,2,1:1-9,2388,0.003163445,0.375805507,0,0.621031049
Split,d361a142170b45d4b9c22e21d1336634,TRUE,51900,23526,35,0,0,23526,35,3:25-49,672.1714286,0.162803895,0.139835316,0.439873734,0.257487064
Mercer Consulting Group,d3a1c896727b42598c4bd8ce2354513b,TRUE,173999,74160,45,19800,10,93960,55,4:50-99,1708.363636,0.783600192,0.097405573,0.048679456,0.07031477
Tableau Enterprise Applications,d469824414d14a1b95a8132fe2a15ebd,TRUE,134904,134904,100,0,0,134904,100,5:100-249,1349.04,1,0,0,0
Qualcomm - Corporate,d4880b408b5b49059c7d8ca9af7bdc6a,TRUE,24494,24494,24,0,0,24494,24,2:10-24,1020.583333,0.990345921,0.000364067,0.004128894,0.005161118
Shape Security,d540605ddf9a4dc1a3f0f8d14369d648,TRUE,24000,9600,4,0,0,9600,4,1:1-9,2400,0.615378219,0.014562862,0.370058919,0
Swisscard AECS,d57a4154827b4ac4997df6b6984b08c1,TRUE,17738,0,0,8868.57,4,8868.57,4,1:1-9,2217.1425,0.005709678,0.466430785,0,0.527859537
CriteoRD,d60a74bb19db4161870c35bedd7b8604,TRUE,204337,1986,0,167600.12,125,169586.12,125,5:100-249,1356.68896,0.444659208,0.116898674,0.137796091,0.300646018
Wipro MIB,d67f7ddc06aa4bca963326950c6b16b9,TRUE,13440,0,0,13440,8,13440,8,1:1-9,1680,0.599920982,0.233063525,0.068771085,0.098244408
Affirm,d72cc02fbfb84ee39ecd84dee91e2424,TRUE,99716,85471,80,0,0,85471,80,4:50-99,1068.3875,0.00037829,0,0.99962171,0
TaxAct,d77825c5a9264412b7ea430a125ecf88,TRUE,254640,204000,106,0,0,204000,106,5:100-249,1924.528302,0.911992251,0.029962283,0.058045466,0
NHS BSA,d7df0a0654b94ca2a5133cbae77dea49,TRUE,33040,0,0,5303.99,6,5303.99,6,1:1-9,883.9983333,0.384488002,0.024614294,0.495932002,0.094965702
Bottomline,d92c1d5709be47ae935f2bae1408e1f8,TRUE,20976,13248,6,0,0,13248,6,1:1-9,2208,0.759242069,0.011650315,0.163648297,0.065459319
Spectrum Reach/Kernel,d9704a809c5947cf803b52d978cd2ed0,TRUE,6252,3800,3,0,0,3800,3,1:1-9,1266.666667,0.102214651,0.349659284,0.182708688,0.365417376
CapitalOne,d9be7b14825d4f2ab5dea3d7e6586c28,FALSE,96000,168096,40,0,0,168096,40,3:25-49,4202.4,0.22287605,0.031978179,0.736678205,0.008467566
EAX,da1cd680faec44eaa4980a901974b989,TRUE,93600,93442,40,0,0,93442,40,3:25-49,2336.05,0.924228109,0.040809717,0.034962174,0
Prologis,da92136b906e47e09239fb8f8f77a674,TRUE,40637,10740,5,0,0,10740,5,1:1-9,2148,0.013091154,0.027621864,0.581695297,0.377591684
GE Sauce Labs,daeb9ee480494d1e98d8aeb21447a4d3,FALSE,20401,40801,10,0,0,40801,10,2:10-24,4080.1,0.412956457,0.052325405,0.257456881,0.277261256
Crealogix,daf4ca5fae9849dc98d8f224b269adf1,TRUE,63589,0,0,25435.63,10,25435.63,10,2:10-24,2543.563,0.059283877,0.475917021,0.095693933,0.369105169
The New York Times Company,db105cdc2cdd4d31aaaf94f8e82d17bf,FALSE,42840,85680,100,0,0,85680,100,5:100-249,856.8,0.064433898,0.192144397,0.735341031,0.008080671
Peddle,db9887d13c4c4e82948e456fdd2df24b,TRUE,7200,7200,4,0,0,7200,4,1:1-9,1800,0.36630577,0.162794976,0.171236092,0.299663161
dcsecosystem,ddef3feeb6d84e808b73f88a60285c86,TRUE,11478,0,0,1761.21,1,1761.21,1,1:1-9,1761.21,0,1,0,0
Siemens,de1e4425a78e4e2f84400eefb6b3e9cf,TRUE,11429,0,0,11428.57,4,11428.57,4,1:1-9,2857.1425,1,0,0,0
iHerb,de28cf9f8a2b4fe0b979bde62e6c92a2,FALSE,58240,58320,18,0,0,58320,18,2:10-24,3240,0.774304177,0.001901002,0.22379482,0
RCM,deb762964304463393d15c6e7112d9f4,TRUE,102210,70762,70,0,0,70762,70,4:50-99,1010.885714,0.917308103,0,0,0
THG,df05ea303cb745838de7f7c33e729a8f,TRUE,12240,0,0,12240,6,12240,6,1:1-9,2040,0.697315471,0.000880559,0.274367246,0.027436725
Sophos,df2ef0d0114d4c04bd6fcdc61c15ea2f,TRUE,24660,0,0,24660,15,24660,15,2:10-24,1644,0.999928032,0,0,0
Wonderbox Technologies,df4ae219443f40a2883e20ae9e9d0dfe,TRUE,54000,54000,25,0,0,54000,25,3:25-49,2160,0.999461099,0.000538901,0,0
Mileway,df6d3d78aad840869dca2d610c26843c,TRUE,6300,0,0,6300,3,6300,3,1:1-9,2100,0,0,0,0
Redfin,dfd1f12c32d84763b8327319face598b,TRUE,147084,147084,100,0,0,147084,100,5:100-249,1470.84,0.000206455,0.058149057,0.820141973,0.121502514
WBA UK,e04050b38bbe4a499fffd11dcae9b1a3,TRUE,152089,0,0,49690.31,29,49690.31,29,3:25-49,1713.458966,0.755890945,0.002938614,0.241170442,0
ErsteDigital_George,e06ccc6b57254477b3d4bb3da1698679,TRUE,171636,0,0,63420.03,50,63420.03,50,4:50-99,1268.4006,0.956708121,0.004281316,0.039010563,0
Brightinsight.com,e0a007ff9bb142af92eb4c3146d7c2e0,TRUE,189997,56796,40,0,0,56796,40,3:25-49,1419.9,0.763619213,0.000634641,0.235746145,0
Hermes-Test-CCA,e0e101e0009e4928be58ee5331fe4d5a,TRUE,38573,0,0,8937.6,4,8937.6,4,1:1-9,2234.4,0.464086383,0,0.535913617,0
BBVA_MX,e10156eb515b41c194d3e3b066c13b11,TRUE,135840,481,0,105240.1,100,105721.1,100,5:100-249,1057.211,0.410873258,0.367677601,0.050004644,0.171444494
WienIT GmbH,e1bd7dae015d43b7ac65d580532c1563,TRUE,24693,0,0,10328.35,6,10328.35,6,1:1-9,1721.391667,0.469915075,0.000933255,0.529151669,0
Wynshop,e1c3c98ea9b249418713d4b0efe042aa,TRUE,14400,0,0,4799.9,4,4799.9,4,1:1-9,1199.975,0.523437839,0.393825073,0.041368544,0.041368544
ukparliament2,e1cfd173273e4c88b748e941c3282ad4,TRUE,28800,0,0,28800,17,28800,17,2:10-24,1694.117647,0.78392981,0.003674239,0.103607781,0.10878817
OneTrust,e249ad4a4722412aa6b44cc2d79957ee,TRUE,55968,31104,16,0,0,31104,16,2:10-24,1944,0.509688231,0.02122757,0.429993849,0.03909035
Coles,e306bc27282b45cbac75834d198a6b99,TRUE,77814,44400,26,0,0,44400,26,3:25-49,1707.692308,0.539792181,0.034503931,0.369690219,0.056013669
AAA-Clublabs,e3b2859d160f4bbabb221f78c784198e,TRUE,241839,144000,79,0,0,144000,79,4:50-99,1822.78481,0.410754792,0.000698778,0.588546429,0
GrandVision,e4785ed1a2c047f6aa4b9459ef760551,TRUE,29857,0,0,21455.98,12,21455.98,12,2:10-24,1787.998333,0.99836174,2.58E-05,0,0
Starbucks Corporation,e492ec3d682844909d09e3b69879fc18,TRUE,47760,47760,20,0,0,47760,20,2:10-24,2388,0.964702075,0,0.035297925,0
Maps,e4b8de0d231f4aec9f3adac5cab48541,TRUE,67452,67452,50,0,0,67452,50,4:50-99,1349.04,0.849016643,0,0.150983357,0
LifeLock Inc,e50dbdb54e964d0ca14f9776a3afcd4f,TRUE,150300,150300,75,0,0,150300,75,4:50-99,2004,0.28436207,5.13E-05,0.715586645,0
Netskope,e55a974a4c7247c79d48205b37821094,TRUE,33660,18240,22,0,0,18240,22,2:10-24,829.0909091,0.438647659,0.046530722,0.514821609,0
inditex,e57117fbfee54b2b8dc4116343d7768f,TRUE,26136,0,0,9936,6,9936,6,1:1-9,1656,0.241558095,0.575605057,0.081260822,0.101576027
Stryker,e59431942d524d548683d9ab21269607,TRUE,22249,15574,7,6674.52,3,22248.52,10,2:10-24,2224.852,0.991140523,3.17E-05,0.008827795,0
SmartThings,e613b6b37020470bb335d9fa48cebda9,TRUE,24000,24000,10,0,0,24000,10,2:10-24,2400,0.613827838,0,0.386172162,0
Intuit,e65728b698e34c32989352af0119b888,TRUE,900000,900000,600,0,0,900000,600,7:500+,1500,0.434271439,0.004261643,0.552410999,0.009055918
Ebay,e69561c39e754d0b83fdea263a6a0ced,TRUE,60352,33421,16,0,0,33421,16,2:10-24,2088.8125,0.796588317,0.007517645,0.187376906,0.008517132
Bose,e6ccfeceeff6489d8d573a0fa814d0fe,TRUE,97183,1903,1,55199.76,29,57102.76,30,3:25-49,1903.425333,0.993214471,0.004001003,0,0
Discover Financial Services,e763994b4c484a5b83cfcf497c5ab20c,TRUE,702900,254400,400,0,0,254400,400,6:250-499,636,0.048582907,0.303297797,0,0.648119293
Crowe,e84f973bed43440d9c44c35c936e399f,TRUE,96000,96000,50,0,0,96000,50,4:50-99,1920,0.966293792,8.78E-05,0.033618412,0
Microsoft Stream,e8b2c92d6508457b8928e00823885fda,TRUE,24000,16800,7,0,0,16800,7,1:1-9,2400,0.13434068,0.033273193,0.651868654,0.180517473
SICK AG,e90cfc7dc61b48d18938faef2ae77457,TRUE,24300,0,0,24299.64,14,24299.64,14,2:10-24,1735.688571,0.268028712,0.135168699,0.24957196,0.347230553
Prudential,e98b566df4e244e0a96b3a48c1651acb,TRUE,201420,27000,15,9000,5,36000,20,2:10-24,1800,0.470683398,0.031171851,0.433868009,0.064276742
adept-poc,e98bb89bfdff433d8c07536b0deb4b4b,TRUE,24000,24000,10,0,0,24000,10,2:10-24,2400,0.985758821,0,0.014241179,0
Nokia Deepfield Networks,e9dfdb87ad88411aa3fda398f655487b,TRUE,24000,24000,10,0,0,24000,10,2:10-24,2400,0.357489104,0,0.642510896,0
Rakuten,ea05fbc5f2e8423d9ad8e1e1336fb5dc,TRUE,13533,13533,8,0,0,13533,8,1:1-9,1691.625,0.939722471,0.017864172,0.021206678,0.021206678
Qualifacts Systems Inc.,ea0638d03ec54930b1dd295dc4a3a810,TRUE,121992,37200,56,0,0,37200,56,4:50-99,664.2857143,0.939770655,0.001691282,0.058538063,0
Stamps.com,eb9bbf06e1a644739f7ffc577716fcf3,TRUE,76200,59400,35,0,0,59400,35,3:25-49,1697.142857,0.943415902,2.12E-06,0.056581982,0
Kingland,eba446ccadba44618ace9bc89afa0fe0,TRUE,28704,14304,8,0,0,14304,8,1:1-9,1788,0.985840949,0.002580119,0,0
Twinspires,ebbd5a55514740c5873af908c002fcb4,TRUE,79200,7200,3,0,0,7200,3,1:1-9,2400,0.380084913,0.094144945,0.525770142,0
De Beers,ec6367b3251a420f9561b076b90ae00c,TRUE,29700,0,0,14700,7,14700,7,1:1-9,2100,0.611729355,0.101994364,0.249166393,0.037109888
ADP,ecb79435c84c415996152794fc3a3f5b,TRUE,28800,28800,16,0,0,28800,16,2:10-24,1800,0.226074957,0,0.773925043,0
TranzactDigital,ecefe628bed14d0c85cedf15ed3c8f45,TRUE,68405,44885,24,0,0,44885,24,2:10-24,1870.208333,0.774314631,0,0.21372191,0.007369721
National Student Clearinghouse,ed8fcbd8ad6e41e68656247ebddbc179,TRUE,28800,24000,10,0,0,24000,10,2:10-24,2400,0.999116249,0,0,0
Aunt Bertha,edebc9dae7df4e96a426195221f75b9f,TRUE,17850,16800,8,0,0,16800,8,1:1-9,2100,1,0,0,0
Terminix,ee46c46063cc40e0a5b8ec48eee3c459,TRUE,52579,10503,5,0,0,10503,5,1:1-9,2100.6,0,0,0.692307692,0.307692308
Papa John's,ee82df1ee7c949f699c373dced851ca1,TRUE,65784,65755,32,0,0,65755,32,3:25-49,2054.84375,0.974240348,0.002938597,0.015214036,0.007607018
isasaucelabsadmin,ef39448e6de04737a7dba581fa209184,TRUE,47520,23760,5,0,0,23760,5,1:1-9,4752,0.22633212,0.502716626,0.073895796,0.197055456
PwC Default Team,eff339df56cb4272855ed608275cc2cb,FALSE,445500,558000,225,0,0,558000,225,5:100-249,2480,0.979853825,0.00319652,0,0.016949654
Discount Tire Co.,f0e8e4cd5c5a4cf2a757a9fddedd8eaf,TRUE,20261,20261,10,0,0,20261,10,2:10-24,2026.1,0.884167286,0.035675875,0.072141155,0.008015684
EsteeLauderCompanies,f20b3c8afcae465d821cfb19cd020a09,TRUE,69082,51082,35,0,0,51082,35,3:25-49,1459.485714,0.670505008,0.059242138,0.03088604,0.239366814
Cox Automotive,f2b097711e144517a527098b0dd87348,TRUE,90720,85938,60,0,0,85938,60,4:50-99,1432.3,0.013762148,0.129505716,0.735781716,0.120950419
Toyota Motor North America,f2d2fb264fc94b9dbc3da3c5af08dffc,TRUE,69607,43200,30,0,0,43200,30,3:25-49,1440,0.573804242,0.046706117,0.233532108,0.145957567
SalesCloud - SalesforceIQ,f2d4345411e143e1adf7734e53567440,TRUE,98480,98480,73,0,0,98480,73,4:50-99,1349.041096,0.89629307,0.004933321,0.087798763,0.010974845
Best Buy,f2e71bd044e84d5c96851560a8fe963d,TRUE,522000,504000,240,0,0,504000,240,5:100-249,2100,0.607262838,0.110473781,0.116798642,0.165464742
Atlassian,f3a78361e97c4f3e999894b45a6544d0,TRUE,55500,31500,15,0,0,31500,15,2:10-24,2100,0.56264537,0,0.43735463,0
Salesforce - TZ Ecosystems Teams,f4582b7c577a4280b63edb847a4fb2da,TRUE,4047,4047,3,0,0,4047,3,1:1-9,1349,0.499357487,0,0.500642513,0
Zendesk,f4d8a0f6bd744dffbd99a5dbb9fbafdc,TRUE,1219410,345096,800,0,0,345096,800,7:500+,431.37,0.996903214,8.08E-05,0,0
Vodafone Ltd,f5e26c65de104517919fce52e78a40a1,TRUE,11448,0,0,4103.91,4,4103.91,4,1:1-9,1025.9775,0,0,0,0
Flagstar,f5faf548a746498e8645a2ed30865c5b,TRUE,27600,9600,5,0,0,9600,5,1:1-9,1920,0.038673326,0.292453922,0.62571967,0.043153081
Credit One Bank,f67666055e514b4d806aa42a3db4b767,TRUE,100800,6300,49,0,0,6300,49,3:25-49,128.5714286,0.794055702,0.085357208,0.108528381,0.012058709
CGI Group,f7b630bf6d9c4a8a83508219b2df2df3,TRUE,28416,28416,16,0,0,28416,16,2:10-24,1776,0.637214203,0,0.118116306,0.244669491
"Safelite Group, Inc.",f7c025cc58b442c3b875db14f8883ede,TRUE,83430,83430,50,0,0,83430,50,4:50-99,1668.6,0.980449124,0.002288914,0,0
RBS,f7ef7515ab7742159911d4f4f7869a94,TRUE,137376,0,0,119519.99,82,119519.99,82,4:50-99,1457.560854,0.938168777,0.033317528,0,0.028513694
ReedGlobal,f7fc6497bfec4c5c8cdfdc2590609cfc,TRUE,5664,0,0,5663.89,4,5663.89,4,1:1-9,1415.9725,1,0,0,0
McClatchy,f8ef4d52c29741b5909b058e5594db33,TRUE,39012,39012,25,0,0,39012,25,3:25-49,1560.48,0.03343301,0,0.96656699,0
Amazon Chime,f92089fecc21453a97489ba30b6f3206,TRUE,240600,175560,100,0,0,175560,100,5:100-249,1755.6,0.111575764,1.85E-07,0.888424051,0
Navy Federal Credit Union,f97ecb76e27e43f1b42d89179f6fc938,TRUE,22905,22905,15,0,0,22905,15,2:10-24,1527,0.381623265,0.126983683,0.415794121,0.075598931
Team Test Factory,f9ec116652c64a9193176f3b64d356e1,FALSE,40385,0,0,42120.01,27,42120.01,27,3:25-49,1560.00037,0.810254023,5.18E-05,0.189694137,0
Gothaer Systems GmbH,fa246db4288047678d99b482f07a6221,TRUE,15312,9060,5,0,1,9060,6,1:1-9,1510,0.498377017,0.215240631,0.168460207,0.117922145
"MGA Insurance Company, Inc.",face4f18b37249ffb7f7b39142484c4b,TRUE,24000,24000,10,0,0,24000,10,2:10-24,2400,1,0,0,0
The Knights of Columbus,fb6045e6a671414e9784664a92703955,TRUE,38069,17304,10,0,0,17304,10,2:10-24,1730.4,0.085237981,0,0.904000112,0.010761906
DisneyIAME,fb800ddcbe6c41759f1f4e5e4b9277f4,FALSE,22680,27216,10,0,0,27216,10,2:10-24,2721.6,0.302593178,0,0.697406822,0
JUMBO Supermarkten B.V,fb84a4c481574ee190e2908ac9f9c61a,TRUE,8891,0,0,6210.03,4,6210.03,4,1:1-9,1552.5075,0.07623038,0.905731096,0.018038524,0
C Hoare & co,fb868adc2f96411fa31e9f3f756d74d2,TRUE,21204,0,0,7068,5,7068,5,1:1-9,1413.6,0.106900987,0,0.893099013,0
CSC Global,fbbdeb1342824d7faef406255987d978,TRUE,82752,82752,50,0,0,82752,50,4:50-99,1655.04,0.999973165,0,0,0
Virgin Media,fbf157be21a24ceb87b793ac19886b31,TRUE,27773,0,0,27772.8,20,27772.8,20,2:10-24,1388.64,0.86297426,0,0.13702574,0
LightspeedHQ,fc0b8b9a6ed445a5bf85fc7a5c4960f1,TRUE,24480,20880,10,0,0,20880,10,2:10-24,2088,0.982685095,0,0,0.017314905
Nitro,fcd4367bfd7349ae93ed5b11057f4fdb,TRUE,19104,0,0,19104,8,19104,8,1:1-9,2388,0.994889816,0,0,0
NavientAutomationUser,fcf5c33dc27549289ec80497bbe621eb,TRUE,9000,9000,5,0,0,9000,5,1:1-9,1800,0.997060153,0.000321719,0,0
DoorDash,fd0216bc0172444994d7a7fd2aa2122b,TRUE,208680,24000,10,0,0,24000,10,2:10-24,2400,0.109062602,0.821386496,0.069550903,0
mountainrudi,fd9f03eea02943aa96d8636755aeb279,TRUE,54000,54000,50,0,0,54000,50,4:50-99,1080,0.999996992,0,0,0
Caterpillar,fda283ca4a074afd92c398ccf0bfd811,TRUE,116687,18178,14,3635.28,2,21813.28,16,2:10-24,1363.33,0.082131022,0.109406128,0.569598826,0.238864024
Consumer Identity Services,fe871dee3f3943cfab94fbdbe71b88a2,TRUE,211980,192780,85,0,0,192780,85,4:50-99,2268,0.256226695,0.073203946,0.582003588,0.088565763
Booz Allen,fe9822510bf64d1aaf2faad0656ecf8f,TRUE,22990,22990,10,0,0,22990,10,2:10-24,2299,1,0,0,0
Tempus,fec2bcf0ce50434eb56a7648b2c6fca9,TRUE,36000,36000,15,0,0,36000,15,2:10-24,2400,0.647823176,0,0.352176824,0
SVB,feeb59743b8a4dcab12e6735917936e3,TRUE,11995,0,0,11995.2,6,11995.2,6,1:1-9,1999.2,0.526196478,0.036522525,0.359195104,0.078085892
Home Services,ff0282d3de90487588148c219408674c,TRUE,15156,15156,12,0,0,15156,12,2:10-24,1263,0.551176815,0.195897698,0.015807843,0.237117645
"Hot Topic, Inc.",ff40e51fd2394a029abf9e856394c2a8,TRUE,45000,45000,30,0,0,45000,30,3:25-49,1500,0.007917488,0.010738662,0.200998138,0.780345712
"Itron Networked Solutions, Inc.",ffb2c791abf64c6fb41f79434a484766,TRUE,28800,28800,12,0,0,28800,12,2:10-24,2400,0.999998868,0,0,0